Date,Ticker,Open,High,Low,Close_Price,Volume,RSI,MACD,Signal_Line,MACD_Hist,SMA_50,SMA_200,Vol_Pattern
06-02-2025,RELIANCE.NS,1268.63,1282.88,1265.3,1276.45,9956001,56.12,4.39,1.19,3.2074,1253.92,1388.96,Drying Up
07-02-2025,RELIANCE.NS,1271.07,1278.59,1256.98,1261.66,8764283,51.69,4.22,1.79,2.4302,1253.41,1388.03,Drying Up
10-02-2025,RELIANCE.NS,1259.47,1261.46,1240.6,1248.66,6970972,48.1,3.0,2.04,0.9698,1252.31,1387.07,Drying Up
11-02-2025,RELIANCE.NS,1259.52,1259.52,1225.21,1229.94,8859714,43.42,0.52,1.73,-1.2099,1250.54,1385.97,Drying Up
12-02-2025,RELIANCE.NS,1214.6,1222.02,1188.6,1211.71,21131654,39.4,-2.88,0.81,-3.6917,1248.7,1384.82,Drying Up
13-02-2025,RELIANCE.NS,1212.21,1223.12,1207.18,1211.26,8511216,39.31,-5.55,-0.46,-5.0897,1246.59,1383.61,Drying Up
14-02-2025,RELIANCE.NS,1214.15,1219.13,1200.65,1212.41,10298145,39.71,-7.49,-1.87,-5.6218,1244.71,1382.39,Drying Up
17-02-2025,RELIANCE.NS,1206.28,1222.62,1199.71,1220.03,8166683,42.47,-8.31,-3.16,-5.1573,1243.32,1381.21,Drying Up
18-02-2025,RELIANCE.NS,1219.98,1225.01,1211.26,1220.53,6673250,42.65,-8.83,-4.29,-4.5353,1242.13,1380.2,Drying Up
19-02-2025,RELIANCE.NS,1214.65,1227.85,1212.71,1222.57,6217338,43.45,-8.96,-5.23,-3.7382,1241.12,1379.26,Drying Up
20-02-2025,RELIANCE.NS,1219.08,1234.42,1217.14,1228.1,7795582,45.66,-8.53,-5.89,-2.6423,1240.52,1378.45,Drying Up
21-02-2025,RELIANCE.NS,1223.81,1235.07,1217.29,1223.26,6904025,44.04,-8.48,-6.4,-2.0714,1239.63,1377.52,Drying Up
24-02-2025,RELIANCE.NS,1211.71,1218.38,1205.68,1209.72,7172498,39.78,-9.42,-7.01,-2.4111,1238.56,1376.65,Drying Up
25-02-2025,RELIANCE.NS,1206.18,1216.14,1196.72,1199.21,11552182,36.8,-10.89,-7.78,-3.1044,1237.74,1375.66,Drying Up
27-02-2025,RELIANCE.NS,1207.98,1210.17,1195.87,1202.3,11509215,38.26,-11.67,-8.56,-3.1082,1236.82,1374.71,Drying Up
28-02-2025,RELIANCE.NS,1197.22,1212.51,1188.55,1195.33,23007298,36.23,-12.7,-9.39,-3.3145,1236.22,1373.64,Drying Up
03-03-2025,RELIANCE.NS,1199.21,1201.65,1151.4,1166.59,17944938,29.3,-15.66,-10.64,-5.0183,1235.54,1372.45,Drying Up
04-03-2025,RELIANCE.NS,1157.58,1169.33,1154.94,1157.28,11377373,27.47,-18.54,-12.22,-6.3204,1234.34,1371.16,Drying Up
05-03-2025,RELIANCE.NS,1156.38,1178.29,1152.4,1170.92,8664095,33.98,-19.5,-13.68,-5.823,1233.4,1369.89,Drying Up
06-03-2025,RELIANCE.NS,1192.24,1209.12,1180.44,1204.79,14468014,46.76,-17.33,-14.41,-2.92,1233.26,1368.78,Drying Up
07-03-2025,RELIANCE.NS,1211.16,1249.81,1207.18,1244.83,16474965,57.29,-12.24,-13.97,1.7392,1233.83,1367.76,Drying Up
10-03-2025,RELIANCE.NS,1240.05,1253.0,1230.49,1233.47,11931051,54.03,-9.01,-12.98,3.9711,1234.38,1366.55,Drying Up
11-03-2025,RELIANCE.NS,1235.07,1244.53,1224.86,1242.34,10089838,56.13,-5.67,-11.52,5.8459,1235.02,1365.41,Drying Up
12-03-2025,RELIANCE.NS,1253.0,1257.98,1239.05,1252.05,11977555,58.37,-2.22,-9.66,7.4393,1235.73,1364.4,Drying Up
13-03-2025,RELIANCE.NS,1255.04,1259.12,1238.9,1242.94,9505270,55.5,-0.22,-7.77,7.5545,1235.85,1363.38,Drying Up
17-03-2025,RELIANCE.NS,1237.21,1252.4,1228.19,1233.92,16640917,52.74,0.64,-6.09,6.7263,1235.61,1362.4,Drying Up
19-03-2025,RELIANCE.NS,1236.11,1248.26,1233.87,1242.19,16162399,54.96,1.96,-4.48,6.4377,1236.19,1361.54,Drying Up
20-03-2025,RELIANCE.NS,1246.87,1267.94,1245.08,1264.1,15971477,60.27,4.72,-2.64,7.3586,1236.75,1360.76,Expanding
21-03-2025,RELIANCE.NS,1269.93,1275.9,1265.05,1271.27,21780769,61.85,7.4,-0.63,8.0318,1236.97,1359.62,Expanding
24-03-2025,RELIANCE.NS,1285.86,1300.8,1279.14,1296.92,20299319,66.94,11.46,1.79,9.6752,1237.91,1359.17,Expanding
25-03-2025,RELIANCE.NS,1302.5,1302.5,1277.5,1280.34,13713899,61.25,13.19,4.07,9.1235,1238.78,1358.52,Expanding
26-03-2025,RELIANCE.NS,1285.86,1288.65,1263.7,1267.99,12074747,57.35,13.41,5.93,7.4741,1239.44,1357.76,Expanding
27-03-2025,RELIANCE.NS,1273.07,1279.89,1266.24,1273.12,15028056,58.53,13.84,7.52,6.3218,1240.22,1356.83,Expanding
28-03-2025,RELIANCE.NS,1274.91,1290.6,1263.95,1270.03,18147129,57.5,13.77,8.77,5.0026,1240.68,1355.87,Expanding
01-04-2025,RELIANCE.NS,1259.57,1272.82,1244.33,1247.62,12099648,50.53,11.77,9.37,2.4033,1240.4,1354.88,Expanding
02-04-2025,RELIANCE.NS,1242.59,1250.56,1238.95,1246.17,10142590,50.1,9.96,9.48,0.4707,1239.39,1353.85,Expanding
03-04-2025,RELIANCE.NS,1228.15,1246.82,1228.15,1243.73,7434366,49.35,8.23,9.23,-1.0076,1238.25,1352.8,Expanding
04-04-2025,RELIANCE.NS,1236.16,1240.5,1188.4,1199.91,17908652,38.28,3.28,8.04,-4.7623,1236.88,1351.46,Expanding
07-04-2025,RELIANCE.NS,1127.7,1166.59,1110.42,1161.06,22156106,31.53,-3.73,5.69,-9.4183,1234.66,1349.92,Expanding
08-04-2025,RELIANCE.NS,1167.34,1191.84,1158.67,1177.5,19555040,36.62,-7.87,2.98,-10.8459,1233.04,1348.56,Expanding
09-04-2025,RELIANCE.NS,1164.85,1185.07,1163.35,1180.63,10223104,37.58,-10.77,0.23,-10.9991,1231.82,1347.15,Expanding
11-04-2025,RELIANCE.NS,1190.4,1217.79,1190.4,1214.1,11224242,46.79,-10.25,-1.87,-8.3848,1231.62,1346.01,Expanding
15-04-2025,RELIANCE.NS,1246.02,1246.02,1232.18,1235.17,13378535,51.62,-8.05,-3.11,-4.9453,1231.73,1345.03,Expanding
16-04-2025,RELIANCE.NS,1229.19,1235.96,1224.11,1234.37,8248464,51.43,-6.3,-3.74,-2.5527,1231.81,1343.98,Expanding
17-04-2025,RELIANCE.NS,1235.27,1275.11,1222.72,1269.43,15398401,58.66,-2.05,-3.41,1.3523,1232.23,1342.82,Expanding
21-04-2025,RELIANCE.NS,1264.95,1295.72,1261.96,1290.35,10429964,62.27,2.96,-2.13,5.0949,1232.84,1341.67,Expanding
22-04-2025,RELIANCE.NS,1294.83,1298.71,1281.18,1286.06,13051707,61.09,6.52,-0.4,6.9197,1233.37,1340.33,Expanding
23-04-2025,RELIANCE.NS,1291.84,1300.8,1280.29,1294.83,10480888,62.65,9.93,1.66,8.2637,1234.45,1339.06,Expanding
24-04-2025,RELIANCE.NS,1287.26,1299.31,1285.17,1296.42,10468940,62.94,12.61,3.85,8.7595,1234.77,1337.78,Expanding
25-04-2025,RELIANCE.NS,1298.31,1319.93,1282.98,1295.23,14431012,62.54,14.48,5.98,8.4997,1235.22,1336.55,Expanding
28-04-2025,RELIANCE.NS,1334.67,1369.13,1314.95,1363.35,31104496,72.91,21.21,9.02,12.1845,1236.95,1335.65,Expanding
29-04-2025,RELIANCE.NS,1365.55,1405.29,1364.55,1394.13,32538970,76.12,28.7,12.96,15.7372,1239.6,1334.74,Expanding
30-04-2025,RELIANCE.NS,1396.42,1406.78,1363.55,1399.41,25480745,76.63,34.66,17.3,17.3577,1242.62,1333.79,Expanding
02-05-2025,RELIANCE.NS,1408.38,1421.02,1403.49,1414.15,13007841,78.05,40.11,21.86,18.2466,1246.3,1332.97,Expanding
05-05-2025,RELIANCE.NS,1425.31,1433.77,1421.22,1425.61,12685649,79.11,44.83,26.45,18.3789,1250.58,1332.23,Expanding
06-05-2025,RELIANCE.NS,1425.31,1426.3,1404.99,1415.25,14084117,75.56,47.2,30.6,16.5961,1254.66,1331.46,Expanding
07-05-2025,RELIANCE.NS,1415.25,1418.73,1397.12,1400.41,13440169,70.66,47.33,33.95,13.3826,1258.42,1330.54,Expanding
08-05-2025,RELIANCE.NS,1398.51,1415.15,1392.44,1401.4,16106175,70.8,46.98,36.55,10.4209,1262.05,1329.62,Expanding
09-05-2025,RELIANCE.NS,1379.99,1389.25,1369.03,1371.72,13668904,61.59,43.79,38.0,5.7909,1265.07,1328.65,Expanding
12-05-2025,RELIANCE.NS,1394.43,1433.28,1394.43,1430.79,10674081,69.96,45.51,39.5,6.0082,1269.24,1327.93,Expanding
13-05-2025,RELIANCE.NS,1427.8,1441.94,1406.78,1410.07,11407896,64.64,44.69,40.54,4.1471,1272.88,1327.26,Expanding
14-05-2025,RELIANCE.NS,1414.35,1424.21,1409.87,1418.73,5570160,65.81,44.22,41.28,2.9467,1276.78,1326.91,Expanding
15-05-2025,RELIANCE.NS,1419.33,1455.59,1407.08,1448.42,20177211,69.54,45.72,42.17,3.5577,1281.56,1326.77,Expanding
16-05-2025,RELIANCE.NS,1447.42,1455.19,1441.54,1450.61,9036695,69.8,46.55,43.04,3.5095,1286.59,1326.6,Expanding
19-05-2025,RELIANCE.NS,1446.32,1448.81,1432.48,1435.07,6195791,65.5,45.43,43.52,1.9114,1291.24,1326.36,Expanding
20-05-2025,RELIANCE.NS,1432.48,1439.25,1416.14,1418.93,11270560,61.29,42.75,43.37,-0.617,1295.71,1325.97,Expanding
21-05-2025,RELIANCE.NS,1418.24,1430.49,1412.46,1423.51,6136364,62.03,40.53,42.8,-2.2724,1300.85,1325.54,Expanding
22-05-2025,RELIANCE.NS,1415.55,1418.14,1391.34,1403.79,12134466,56.94,36.75,41.59,-4.8396,1305.78,1325.05,Expanding
23-05-2025,RELIANCE.NS,1401.0,1428.1,1401.0,1421.12,6474883,60.05,34.75,40.22,-5.4681,1310.79,1324.68,Expanding
26-05-2025,RELIANCE.NS,1426.3,1435.27,1419.43,1429.09,4842944,61.42,33.43,38.86,-5.4336,1315.27,1324.31,Drying Up
27-05-2025,RELIANCE.NS,1420.43,1431.28,1408.28,1416.44,12640414,58.0,31.0,37.29,-6.2887,1318.71,1323.95,Drying Up
28-05-2025,RELIANCE.NS,1414.45,1416.94,1405.09,1407.28,5944611,55.59,28.02,35.44,-7.4198,1322.18,1323.8,Drying Up
29-05-2025,RELIANCE.NS,1406.48,1414.35,1403.0,1412.16,13771917,56.63,25.75,33.5,-7.7514,1325.58,1323.64,Drying Up
30-05-2025,RELIANCE.NS,1412.36,1424.91,1404.09,1415.25,13788484,57.3,23.92,31.58,-7.6612,1328.84,1323.44,Drying Up
02-06-2025,RELIANCE.NS,1406.48,1411.86,1390.05,1408.08,8098668,55.15,21.65,29.6,-7.9487,1332.14,1323.29,Drying Up
03-06-2025,RELIANCE.NS,1416.64,1420.83,1397.82,1399.91,11252626,52.71,18.97,27.47,-8.5033,1335.46,1322.97,Drying Up
04-06-2025,RELIANCE.NS,1409.07,1420.03,1400.51,1417.84,8126827,57.18,18.08,25.59,-7.5114,1338.98,1322.81,Drying Up
05-06-2025,RELIANCE.NS,1422.32,1448.91,1417.94,1436.66,13716817,61.31,18.68,24.21,-5.5279,1342.43,1322.73,Drying Up
06-06-2025,RELIANCE.NS,1435.27,1445.73,1431.28,1437.76,8182161,61.54,19.03,23.17,-4.1458,1345.76,1322.67,Drying Up
09-06-2025,RELIANCE.NS,1451.2,1451.7,1439.55,1443.04,7885125,62.71,19.5,22.44,-2.9365,1348.68,1322.54,Drying Up
10-06-2025,RELIANCE.NS,1444.23,1448.12,1430.29,1432.78,7913181,58.97,18.84,21.72,-2.8839,1351.73,1322.3,Drying Up
11-06-2025,RELIANCE.NS,1440.05,1462.76,1437.36,1443.14,8195700,61.47,18.92,21.16,-2.2367,1355.23,1322.06,Drying Up
12-06-2025,RELIANCE.NS,1447.72,1451.2,1428.69,1435.87,8828114,58.77,18.2,20.57,-2.3708,1358.49,1321.78,Drying Up
13-06-2025,RELIANCE.NS,1418.34,1429.79,1408.67,1422.22,9757276,53.97,16.33,19.72,-3.3888,1361.53,1321.43,Drying Up
16-06-2025,RELIANCE.NS,1421.22,1436.66,1418.73,1432.08,8458093,56.72,15.47,18.87,-3.3998,1365.22,1321.12,Drying Up
17-06-2025,RELIANCE.NS,1442.24,1442.24,1420.13,1425.51,10366599,54.39,14.1,17.92,-3.82,1368.81,1320.71,Drying Up
18-06-2025,RELIANCE.NS,1424.31,1437.06,1420.03,1424.41,6681735,53.99,12.77,16.89,-4.1164,1372.42,1320.36,Drying Up
19-06-2025,RELIANCE.NS,1424.41,1434.17,1420.03,1427.6,10007230,55.02,11.84,15.88,-4.0369,1376.97,1320.04,Drying Up
20-06-2025,RELIANCE.NS,1425.31,1465.15,1422.42,1460.37,29010635,63.97,13.59,15.42,-1.829,1382.96,1319.77,Drying Up
23-06-2025,RELIANCE.NS,1447.22,1457.98,1436.26,1451.0,5989078,60.28,14.06,15.15,-1.0873,1388.43,1319.5,Drying Up
24-06-2025,RELIANCE.NS,1459.17,1469.13,1437.36,1445.03,16402744,57.98,13.79,14.88,-1.0849,1393.72,1319.18,Drying Up
25-06-2025,RELIANCE.NS,1458.18,1466.54,1454.69,1461.46,7525851,62.25,14.74,14.85,-0.1133,1398.67,1318.97,Drying Up
26-06-2025,RELIANCE.NS,1463.26,1492.84,1459.27,1489.35,14657893,68.15,17.53,15.39,2.146,1403.75,1318.87,Drying Up
27-06-2025,RELIANCE.NS,1493.44,1515.95,1490.95,1509.37,11117052,71.59,21.12,16.53,4.5869,1409.25,1318.98,Drying Up
30-06-2025,RELIANCE.NS,1507.78,1518.73,1490.05,1494.63,8409527,65.95,22.51,17.73,4.7849,1413.75,1319.16,Drying Up
01-07-2025,RELIANCE.NS,1494.63,1525.31,1494.13,1522.32,10368523,70.63,25.56,19.29,6.2637,1418.39,1319.49,Drying Up
02-07-2025,RELIANCE.NS,1522.32,1523.91,1502.7,1512.76,6361002,67.19,26.89,20.81,6.0761,1422.93,1319.78,Drying Up
03-07-2025,RELIANCE.NS,1514.75,1525.81,1506.98,1511.76,11283291,66.83,27.55,22.16,5.3866,1427.27,1320.11,Drying Up
04-07-2025,RELIANCE.NS,1517.94,1523.91,1511.16,1521.22,6603501,68.57,28.5,23.43,5.074,1431.76,1320.34,Drying Up
07-07-2025,RELIANCE.NS,1520.53,1538.65,1518.93,1535.37,7251074,71.03,30.05,24.75,5.301,1436.56,1320.69,Drying Up
08-07-2025,RELIANCE.NS,1529.89,1538.75,1524.11,1531.48,7171261,69.42,30.62,25.93,4.6919,1439.93,1321.02,Drying Up
09-07-2025,RELIANCE.NS,1530.59,1544.83,1504.09,1512.96,8870660,62.21,29.23,26.59,2.6455,1442.3,1321.25,Drying Up
10-07-2025,RELIANCE.NS,1513.65,1518.63,1501.5,1511.16,10047129,61.55,27.67,26.8,0.8673,1444.54,1321.52,Drying Up
11-07-2025,RELIANCE.NS,1505.99,1508.97,1484.37,1489.25,7234991,53.94,24.39,26.32,-1.9354,1446.04,1321.64,Drying Up
14-07-2025,RELIANCE.NS,1486.26,1494.03,1473.22,1477.8,10311846,50.43,20.62,25.18,-4.5616,1447.08,1321.63,Expanding
15-07-2025,RELIANCE.NS,1480.29,1490.55,1476.5,1479.49,8132454,50.94,17.57,23.66,-6.09,1448.37,1321.59,Expanding
16-07-2025,RELIANCE.NS,1467.14,1485.07,1465.65,1479.69,10409983,51.0,14.99,21.92,-6.9317,1449.96,1321.57,Expanding
17-07-2025,RELIANCE.NS,1481.48,1483.67,1468.04,1470.53,11854613,47.93,12.07,19.95,-7.8806,1451.34,1321.49,Expanding
18-07-2025,RELIANCE.NS,1478.89,1478.89,1463.26,1470.13,10296318,47.79,9.62,17.89,-8.2696,1453.31,1321.38,Drying Up
21-07-2025,RELIANCE.NS,1459.17,1470.13,1417.44,1422.92,22442744,35.15,3.82,15.07,-11.2559,1453.15,1320.89,Expanding
22-07-2025,RELIANCE.NS,1421.72,1426.2,1405.09,1407.18,20396320,32.1,-2.03,11.65,-13.6793,1453.09,1320.57,Expanding
23-07-2025,RELIANCE.NS,1420.33,1420.33,1408.77,1418.93,8354596,36.53,-5.64,8.19,-13.8373,1453.09,1320.37,Expanding
24-07-2025,RELIANCE.NS,1413.55,1417.34,1390.45,1397.32,14740507,32.35,-10.14,4.53,-14.6651,1452.07,1320.35,Expanding
25-07-2025,RELIANCE.NS,1393.34,1395.43,1378.59,1386.16,11854722,30.42,-14.43,0.74,-15.1683,1450.78,1320.38,Expanding
28-07-2025,RELIANCE.NS,1386.76,1402.2,1379.49,1382.08,7748361,29.72,-17.96,-3.0,-14.9559,1449.72,1320.46,Expanding
29-07-2025,RELIANCE.NS,1377.5,1414.55,1377.5,1411.46,10750072,40.36,-18.17,-6.04,-12.1362,1449.57,1320.56,Expanding
30-07-2025,RELIANCE.NS,1412.46,1417.64,1395.73,1404.49,7209849,38.85,-18.69,-8.57,-10.1226,1449.19,1320.74,Expanding
31-07-2025,RELIANCE.NS,1382.58,1397.02,1376.7,1384.67,17065827,34.88,-20.46,-10.95,-9.5167,1448.81,1320.83,Expanding
01-08-2025,RELIANCE.NS,1381.38,1400.31,1378.79,1388.16,10321171,36.12,-21.34,-13.03,-8.3158,1448.15,1320.94,Expanding
04-08-2025,RELIANCE.NS,1389.55,1410.47,1386.16,1405.89,6312820,42.14,-20.37,-14.5,-5.8769,1447.69,1321.13,Expanding
05-08-2025,RELIANCE.NS,1405.39,1405.39,1382.58,1386.16,9315972,37.86,-20.95,-15.79,-5.1667,1447.08,1321.37,Expanding
06-08-2025,RELIANCE.NS,1386.36,1390.35,1377.8,1387.26,5834312,38.24,-21.08,-16.85,-4.2368,1446.68,1321.56,Expanding
07-08-2025,RELIANCE.NS,1382.18,1388.16,1360.57,1383.87,9976705,37.49,-21.21,-17.72,-3.4944,1446.12,1321.73,Expanding
08-08-2025,RELIANCE.NS,1379.49,1391.64,1359.57,1362.36,8793606,33.03,-22.79,-18.73,-4.0573,1445.06,1321.77,Expanding
11-08-2025,RELIANCE.NS,1364.55,1382.48,1355.79,1380.69,9997486,39.61,-22.31,-19.45,-2.8571,1444.51,1321.86,Expanding
12-08-2025,RELIANCE.NS,1376.4,1396.32,1369.73,1374.91,12244664,38.33,-22.13,-19.98,-2.1464,1444.01,1322.04,Expanding
13-08-2025,RELIANCE.NS,1382.48,1386.26,1372.02,1377.1,7457021,39.14,-21.57,-20.3,-1.2664,1443.2,1322.26,Expanding
14-08-2025,RELIANCE.NS,1377.3,1380.7,1370.1,1373.8,7126128,38.33,-21.14,-20.47,-0.6739,1441.94,1322.46,Expanding
18-08-2025,RELIANCE.NS,1390.0,1394.9,1377.0,1381.7,11785109,41.45,-19.94,-20.36,0.4235,1440.82,1322.75,Expanding
19-08-2025,RELIANCE.NS,1390.0,1421.0,1389.1,1420.1,14384719,53.71,-15.71,-19.43,3.7254,1440.36,1323.21,Expanding
20-08-2025,RELIANCE.NS,1413.0,1424.9,1410.0,1413.0,8725641,51.56,-12.78,-18.1,5.3237,1439.96,1323.6,Drying Up
21-08-2025,RELIANCE.NS,1425.0,1431.9,1420.3,1424.8,11021323,54.8,-9.4,-16.36,6.9645,1439.6,1324.03,Drying Up
22-08-2025,RELIANCE.NS,1420.0,1423.4,1407.9,1409.2,5818868,50.03,-7.88,-14.67,6.7815,1439.06,1324.44,Drying Up
25-08-2025,RELIANCE.NS,1414.7,1419.5,1405.7,1412.6,5979407,51.03,-6.34,-13.0,6.6619,1438.87,1324.84,Drying Up
26-08-2025,RELIANCE.NS,1408.0,1410.0,1381.6,1384.9,12145259,43.42,-7.26,-11.85,4.5885,1437.93,1325.28,Drying Up
28-08-2025,RELIANCE.NS,1389.9,1392.2,1366.5,1385.9,13161813,43.74,-7.83,-11.05,3.2203,1437.14,1325.71,Drying Up
29-08-2025,RELIANCE.NS,1381.1,1403.5,1350.0,1357.2,18758842,37.13,-10.47,-10.93,0.4631,1435.79,1325.89,Drying Up
01-09-2025,RELIANCE.NS,1356.0,1363.2,1340.6,1353.9,11232238,36.44,-12.68,-11.28,-1.4003,1434.32,1326.16,Drying Up
02-09-2025,RELIANCE.NS,1354.8,1384.5,1354.5,1366.5,11517006,40.91,-13.27,-11.68,-1.5879,1432.44,1326.6,Drying Up
03-09-2025,RELIANCE.NS,1369.7,1376.5,1360.5,1372.6,7847563,43.0,-13.09,-11.96,-1.1265,1430.87,1327.12,Drying Up
04-09-2025,RELIANCE.NS,1371.8,1374.0,1357.1,1359.3,13223177,39.7,-13.86,-12.34,-1.5179,1429.16,1327.57,Drying Up
05-09-2025,RELIANCE.NS,1363.0,1381.0,1359.3,1375.0,5777575,45.06,-13.05,-12.48,-0.5693,1427.43,1328.21,Drying Up
08-09-2025,RELIANCE.NS,1380.0,1386.0,1372.4,1378.5,6986720,46.21,-11.99,-12.38,0.3923,1425.21,1328.79,Drying Up
09-09-2025,RELIANCE.NS,1376.6,1381.2,1368.7,1376.2,9754452,45.53,-11.21,-12.15,0.9406,1422.55,1329.4,Expanding
10-09-2025,RELIANCE.NS,1383.9,1388.5,1374.1,1377.0,7790815,45.83,-10.4,-11.8,1.3967,1420.19,1330.1,Drying Up
11-09-2025,RELIANCE.NS,1376.0,1385.5,1375.0,1383.3,9766072,48.21,-9.15,-11.27,2.1191,1417.41,1330.92,Drying Up
12-09-2025,RELIANCE.NS,1383.3,1396.3,1380.5,1395.0,7403368,52.4,-7.13,-10.44,3.3101,1415.06,1331.6,Drying Up
15-09-2025,RELIANCE.NS,1393.0,1400.8,1388.6,1399.3,5396697,53.87,-5.13,-9.38,4.2528,1412.81,1332.18,Drying Up
16-09-2025,RELIANCE.NS,1404.7,1408.0,1398.2,1405.3,8686961,55.92,-3.02,-8.11,5.0891,1410.49,1332.76,Drying Up
17-09-2025,RELIANCE.NS,1407.0,1416.2,1406.9,1413.8,7519417,58.73,-0.65,-6.62,5.9628,1408.06,1333.39,Drying Up
18-09-2025,RELIANCE.NS,1420.4,1422.0,1410.7,1415.0,9332642,59.12,1.3,-5.03,6.3348,1405.73,1334.13,Drying Up
19-09-2025,RELIANCE.NS,1414.9,1417.0,1403.6,1407.4,13461373,55.5,2.21,-3.58,5.7967,1403.62,1334.73,Drying Up
22-09-2025,RELIANCE.NS,1403.9,1410.7,1388.0,1390.6,7757970,48.43,1.56,-2.55,4.1161,1401.21,1335.17,Drying Up
23-09-2025,RELIANCE.NS,1391.0,1395.0,1376.8,1389.8,14014702,48.12,0.97,-1.85,2.8192,1399.22,1335.53,Drying Up
24-09-2025,RELIANCE.NS,1385.3,1396.0,1380.4,1383.0,5922759,45.42,-0.05,-1.49,1.4415,1397.32,1335.92,Drying Up
25-09-2025,RELIANCE.NS,1381.3,1384.5,1369.0,1372.4,11411143,41.51,-1.69,-1.53,-0.1605,1395.18,1336.2,Drying Up
26-09-2025,RELIANCE.NS,1372.0,1382.7,1366.0,1377.6,9879109,44.05,-2.54,-1.73,-0.8104,1393.14,1336.56,Drying Up
29-09-2025,RELIANCE.NS,1381.6,1389.0,1368.0,1372.8,14231999,42.23,-3.56,-2.1,-1.4658,1391.18,1336.97,Drying Up
30-09-2025,RELIANCE.NS,1377.1,1377.1,1362.8,1364.0,14604684,39.04,-5.03,-2.68,-2.3422,1389.06,1337.39,Drying Up
01-10-2025,RELIANCE.NS,1367.0,1378.6,1362.7,1368.7,12045916,41.58,-5.74,-3.3,-2.4443,1387.98,1337.87,Drying Up
03-10-2025,RELIANCE.NS,1363.2,1371.6,1356.9,1363.4,12842347,39.57,-6.66,-3.97,-2.6884,1387.1,1338.4,Drying Up
06-10-2025,RELIANCE.NS,1360.0,1377.4,1359.0,1375.0,12396580,45.74,-6.37,-4.45,-1.924,1386.22,1338.93,Drying Up
07-10-2025,RELIANCE.NS,1376.0,1395.9,1375.9,1384.8,11244040,50.34,-5.3,-4.62,-0.678,1385.97,1339.54,Expanding
08-10-2025,RELIANCE.NS,1384.8,1389.0,1364.5,1367.4,8525081,43.31,-5.78,-4.85,-0.9299,1385.6,1340.18,Expanding
09-10-2025,RELIANCE.NS,1374.0,1380.0,1369.1,1377.8,8826633,47.99,-5.26,-4.93,-0.3311,1385.51,1340.82,Expanding
10-10-2025,RELIANCE.NS,1377.8,1388.0,1375.1,1381.7,6373084,49.66,-4.49,-4.84,0.3555,1384.92,1341.61,Expanding
13-10-2025,RELIANCE.NS,1376.9,1377.7,1367.8,1375.0,7600682,46.87,-4.36,-4.75,0.3837,1384.33,1342.48,Expanding
14-10-2025,RELIANCE.NS,1380.0,1388.0,1370.1,1375.9,9768174,47.3,-4.15,-4.63,0.482,1384.15,1343.27,Expanding
15-10-2025,RELIANCE.NS,1383.0,1384.0,1372.7,1374.3,10882743,46.58,-4.05,-4.51,0.4585,1383.87,1344.05,Expanding
16-10-2025,RELIANCE.NS,1375.1,1400.5,1375.0,1398.3,12315932,57.12,-2.02,-4.01,1.9925,1383.72,1344.99,Expanding
17-10-2025,RELIANCE.NS,1401.0,1423.3,1399.1,1416.8,19335561,63.16,1.07,-3.0,4.0667,1384.34,1345.99,Expanding
20-10-2025,RELIANCE.NS,1440.0,1473.8,1433.3,1466.8,24721978,73.87,7.47,-0.91,8.3718,1385.93,1347.29,Expanding
21-10-2025,RELIANCE.NS,1468.0,1474.0,1460.0,1465.2,2066169,73.14,12.27,1.73,10.5375,1387.55,1348.57,Expanding
23-10-2025,RELIANCE.NS,1475.0,1482.9,1444.6,1448.4,18707090,65.76,14.55,4.29,10.2546,1389.27,1349.73,Expanding
24-10-2025,RELIANCE.NS,1450.0,1459.8,1441.0,1451.6,9700837,66.45,16.42,6.72,9.7048,1390.69,1350.8,Expanding
27-10-2025,RELIANCE.NS,1463.0,1485.0,1458.0,1484.1,14113867,72.54,20.3,9.43,10.8643,1392.88,1351.99,Expanding
28-10-2025,RELIANCE.NS,1484.1,1492.0,1477.6,1486.9,17631577,73.0,23.33,12.21,11.1141,1395.07,1353.36,Expanding
29-10-2025,RELIANCE.NS,1490.0,1508.3,1488.1,1504.2,11884745,75.68,26.81,15.13,11.6808,1397.68,1354.7,Expanding
30-10-2025,RELIANCE.NS,1500.0,1503.1,1484.0,1488.5,9318663,68.99,27.99,17.7,10.2838,1399.82,1355.84,Expanding
31-10-2025,RELIANCE.NS,1490.4,1497.5,1482.3,1486.4,8758053,68.12,28.42,19.85,8.5736,1401.14,1357.02,Expanding
03-11-2025,RELIANCE.NS,1486.0,1495.0,1479.3,1484.7,8452085,67.38,28.3,21.54,6.7629,1402.58,1358.26,Expanding
04-11-2025,RELIANCE.NS,1483.9,1492.8,1470.1,1473.1,10007806,62.41,26.96,22.62,4.3367,1403.54,1359.45,Expanding
06-11-2025,RELIANCE.NS,1484.0,1501.6,1476.2,1496.1,16772678,67.52,27.44,23.59,3.8503,1405.28,1360.76,Expanding
07-11-2025,RELIANCE.NS,1494.6,1498.4,1475.9,1478.0,7821765,60.54,26.05,24.08,1.9734,1406.59,1361.92,Expanding
10-11-2025,RELIANCE.NS,1477.9,1501.0,1475.5,1489.3,7068438,63.11,25.57,24.38,1.1952,1408.68,1363.06,Expanding
11-11-2025,RELIANCE.NS,1497.0,1498.8,1480.2,1493.4,7127506,64.02,25.23,24.55,0.6842,1410.83,1364.04,Expanding
12-11-2025,RELIANCE.NS,1505.0,1524.7,1500.0,1511.5,12384459,67.81,26.12,24.86,1.2594,1413.91,1365.09,Expanding
13-11-2025,RELIANCE.NS,1515.0,1522.1,1506.8,1510.9,7196443,67.56,26.47,25.19,1.2889,1417.05,1366.31,Expanding
14-11-2025,RELIANCE.NS,1505.5,1520.9,1505.5,1518.9,7682823,69.21,27.09,25.57,1.5207,1420.1,1367.54,Expanding
17-11-2025,RELIANCE.NS,1520.9,1523.7,1511.5,1518.3,5871416,68.93,27.21,25.89,1.3149,1423.01,1368.84,Expanding
18-11-2025,RELIANCE.NS,1521.7,1527.8,1510.5,1519.4,11045042,69.18,27.08,26.13,0.9512,1426.22,1370.23,Expanding
19-11-2025,RELIANCE.NS,1517.4,1522.3,1512.0,1518.9,5692366,68.91,26.64,26.23,0.4031,1429.09,1371.7,Drying Up
20-11-2025,RELIANCE.NS,1530.0,1550.9,1526.7,1549.1,18171724,75.23,28.39,26.66,1.7266,1432.51,1373.3,Expanding
21-11-2025,RELIANCE.NS,1541.0,1557.8,1540.1,1546.6,9615271,73.89,29.24,27.18,2.063,1435.91,1374.88,Drying Up
24-11-2025,RELIANCE.NS,1550.0,1550.0,1531.8,1535.9,18433951,68.29,28.72,27.49,1.2351,1439.09,1376.32,Drying Up
25-11-2025,RELIANCE.NS,1535.9,1559.6,1525.1,1539.7,15033482,69.18,28.29,27.65,0.6433,1442.22,1377.72,Drying Up
26-11-2025,RELIANCE.NS,1542.3,1571.6,1540.5,1569.9,14054299,75.17,30.04,28.13,1.9138,1445.72,1379.27,Drying Up
27-11-2025,RELIANCE.NS,1575.0,1575.5,1556.0,1563.4,9794643,71.93,30.55,28.61,1.9386,1449.0,1380.88,Drying Up
28-11-2025,RELIANCE.NS,1568.0,1581.3,1563.0,1567.5,8959508,72.73,30.93,29.08,1.8533,1452.24,1382.32,Drying Up
01-12-2025,RELIANCE.NS,1575.0,1577.5,1563.6,1566.1,8920233,71.98,30.76,29.41,1.3483,1455.29,1383.78,Drying Up
02-12-2025,RELIANCE.NS,1561.1,1567.5,1542.0,1546.3,11389150,62.17,28.7,29.27,-0.5707,1457.92,1385.13,Drying Up
03-12-2025,RELIANCE.NS,1545.2,1552.4,1533.0,1538.8,6090883,58.9,26.16,28.65,-2.4891,1460.54,1386.52,Drying Up
04-12-2025,RELIANCE.NS,1536.0,1560.5,1517.6,1535.6,11867930,57.51,23.62,27.64,-4.0264,1463.44,1387.95,Drying Up
05-12-2025,RELIANCE.NS,1530.4,1545.8,1520.6,1540.6,10183266,59.13,21.75,26.46,-4.7118,1466.46,1389.51,Drying Up
08-12-2025,RELIANCE.NS,1539.2,1551.0,1535.0,1543.0,11301491,59.92,20.24,25.22,-4.9825,1469.66,1391.16,Drying Up
09-12-2025,RELIANCE.NS,1540.3,1542.5,1520.1,1529.4,11503971,53.59,17.73,23.72,-5.9888,1472.8,1392.75,Drying Up
10-12-2025,RELIANCE.NS,1534.0,1547.5,1531.4,1536.9,7991629,56.33,16.17,22.21,-6.0432,1475.99,1394.38,Drying Up
11-12-2025,RELIANCE.NS,1536.9,1550.0,1524.0,1545.0,4706197,59.14,15.4,20.85,-5.4461,1479.43,1396.0,Drying Up
12-12-2025,RELIANCE.NS,1550.8,1559.8,1546.1,1556.5,5106655,62.8,15.55,19.79,-4.2425,1483.28,1397.68,Drying Up
15-12-2025,RELIANCE.NS,1551.2,1558.6,1546.5,1556.2,5774543,62.64,15.46,18.92,-3.4653,1487.03,1399.35,Drying Up
16-12-2025,RELIANCE.NS,1545.0,1551.7,1538.8,1542.3,11731856,55.67,14.1,17.96,-3.8561,1490.61,1400.92,Drying Up
17-12-2025,RELIANCE.NS,1550.0,1550.0,1539.3,1544.4,7116649,56.46,13.05,16.98,-3.9286,1494.0,1402.52,Drying Up
18-12-2025,RELIANCE.NS,1535.2,1551.5,1535.2,1544.4,6580829,56.46,12.07,16.0,-3.9228,1497.19,1404.2,Drying Up
19-12-2025,RELIANCE.NS,1554.4,1574.2,1551.0,1565.1,13937275,63.81,12.82,15.36,-2.5384,1501.14,1406.03,Drying Up
22-12-2025,RELIANCE.NS,1573.5,1577.5,1565.3,1575.4,10184852,66.82,14.09,15.11,-1.0203,1505.09,1407.89,Drying Up
23-12-2025,RELIANCE.NS,1580.9,1580.9,1568.1,1570.7,7506564,64.2,14.54,14.99,-0.453,1508.87,1409.77,Drying Up
24-12-2025,RELIANCE.NS,1572.7,1575.7,1553.6,1558.2,8815745,57.72,13.73,14.74,-1.008,1512.54,1411.73,Drying Up
26-12-2025,RELIANCE.NS,1554.7,1561.0,1554.3,1559.2,2311495,58.08,13.02,14.4,-1.3737,1516.2,1413.74,Drying Up
29-12-2025,RELIANCE.NS,1554.9,1558.1,1543.6,1545.6,5972105,51.57,11.23,13.76,-2.53,1519.63,1415.61,Drying Up
30-12-2025,RELIANCE.NS,1547.0,1553.6,1537.8,1539.8,8815884,49.05,9.24,12.86,-3.6178,1522.46,1417.29,Drying Up
31-12-2025,RELIANCE.NS,1541.0,1577.0,1541.0,1570.4,5771830,60.14,10.02,12.29,-2.2743,1525.53,1418.91,Drying Up
01-01-2026,RELIANCE.NS,1573.7,1592.5,1571.1,1575.6,6408128,61.66,10.92,12.02,-1.0933,1527.71,1420.62,Drying Up
02-01-2026,RELIANCE.NS,1580.0,1594.6,1578.2,1592.3,6602230,66.15,12.84,12.18,0.6605,1530.25,1422.37,Drying Up
05-01-2026,RELIANCE.NS,1593.0,1611.8,1575.3,1578.1,8704973,59.75,13.07,12.36,0.7078,1532.84,1424.0,Drying Up
06-01-2026,RELIANCE.NS,1569.0,1569.0,1496.3,1507.6,27417125,39.38,7.47,11.38,-3.9115,1533.96,1425.33,Drying Up
07-01-2026,RELIANCE.NS,1510.0,1520.0,1498.0,1504.2,11199340,38.69,2.73,9.65,-6.9224,1534.37,1426.68,Drying Up
08-01-2026,RELIANCE.NS,1500.0,1503.9,1468.8,1470.6,16518684,32.65,-3.7,6.98,-10.6791,1534.04,1427.82,Drying Up
09-01-2026,RELIANCE.NS,1465.0,1479.9,1465.0,1475.3,8335311,34.2,-8.31,3.92,-12.2375,1533.46,1428.88,Drying Up
12-01-2026,RELIANCE.NS,1475.3,1485.3,1451.0,1483.2,8883745,36.83,-11.21,0.9,-12.1044,1533.36,1429.94,Drying Up
13-01-2026,RELIANCE.NS,1485.0,1485.8,1444.7,1452.8,13499760,31.59,-15.77,-2.44,-13.3347,1532.68,1430.72,Drying Up
14-01-2026,RELIANCE.NS,1444.0,1467.0,1440.2,1458.8,8321764,33.6,-18.69,-5.69,-13.0016,1532.17,1431.61,Drying Up
16-01-2026,RELIANCE.NS,1458.8,1480.0,1455.1,1457.9,17167161,33.44,-20.83,-8.72,-12.1169,1531.86,1432.56,Expanding
19-01-2026,RELIANCE.NS,1450.6,1450.6,1403.3,1413.6,20392765,26.76,-25.81,-12.14,-13.6749,1530.21,1433.26,Expanding
20-01-2026,RELIANCE.NS,1410.7,1416.0,1390.0,1394.0,13189498,24.43,-30.98,-15.9,-15.0747,1528.53,1433.88,Expanding
21-01-2026,RELIANCE.NS,1389.5,1412.9,1373.0,1404.6,17352720,28.07,-33.83,-19.49,-14.3403,1526.84,1434.67,Expanding
22-01-2026,RELIANCE.NS,1410.1,1419.5,1395.0,1402.5,15721693,27.79,-35.85,-22.76,-13.0847,1525.02,1435.45,Expanding
23-01-2026,RELIANCE.NS,1401.8,1407.0,1381.0,1386.1,9837802,25.6,-38.32,-25.87,-12.4508,1522.51,1436.16,Expanding
27-01-2026,RELIANCE.NS,1380.0,1391.6,1368.0,1380.5,26302396,24.87,-40.28,-28.75,-11.5224,1519.9,1437.06,Expanding
28-01-2026,RELIANCE.NS,1385.0,1409.9,1384.9,1396.7,11121657,30.94,-40.05,-31.01,-9.0404,1517.46,1438.24,Expanding
29-01-2026,RELIANCE.NS,1402.9,1402.9,1384.0,1391.0,20846683,30.02,-39.88,-32.79,-7.0919,1514.91,1439.31,Expanding
30-01-2026,RELIANCE.NS,1382.6,1398.0,1378.5,1395.4,11239835,31.7,-38.94,-34.02,-4.9191,1512.43,1440.38,Expanding
02-02-2026,RELIANCE.NS,1340.0,1392.9,1335.5,1390.4,15711165,30.8,-38.15,-34.84,-3.3083,1509.86,1441.26,Expanding
03-02-2026,RELIANCE.NS,1473.9,1489.5,1430.2,1437.1,25456171,46.27,-33.38,-34.55,1.1727,1507.62,1442.27,Expanding
04-02-2026,RELIANCE.NS,1444.0,1464.0,1440.3,1456.8,8333387,51.22,-27.69,-33.18,5.492,1505.83,1443.38,Expanding
05-02-2026,RELIANCE.NS,1457.0,1461.5,1439.5,1443.4,11763658,47.98,-23.98,-31.34,7.3587,1503.98,1444.25,Expanding
06-02-2026,RELIANCE.NS,1441.5,1452.8,1433.5,1450.8,8277304,49.87,-20.21,-29.11,8.9009,1502.2,1445.06,Expanding
09-02-2026,RELIANCE.NS,1458.0,1465.9,1453.0,1461.6,5775864,52.57,-16.17,-26.52,10.3555,1500.03,1445.93,Expanding
10-02-2026,RELIANCE.NS,1471.0,1471.0,1452.2,1458.5,10259630,51.71,-13.06,-23.83,10.7684,1497.94,1446.75,Expanding
11-02-2026,RELIANCE.NS,1459.6,1470.0,1453.6,1468.7,7106877,54.36,-9.67,-21.0,11.3309,1495.96,1447.61,Expanding
12-02-2026,RELIANCE.NS,1470.0,1473.0,1445.5,1448.9,11135399,48.76,-8.48,-18.49,10.0173,1493.62,1448.38,Expanding
13-02-2026,RELIANCE.NS,1445.5,1450.7,1416.3,1419.6,10755693,41.89,-9.79,-16.75,6.9676,1491.08,1448.66,Expanding
16-02-2026,RELIANCE.NS,1420.1,1439.6,1409.3,1437.1,5896514,46.72,-9.3,-15.26,5.9604,1489.05,1448.88,Expanding
17-02-2026,RELIANCE.NS,1431.1,1431.8,1418.6,1423.0,10731630,43.58,-9.94,-14.2,4.256,1486.8,1449.0,Expanding
18-02-2026,RELIANCE.NS,1427.0,1442.1,1419.2,1441.3,5521096,48.43,-8.87,-13.13,4.2619,1484.81,1449.13,Expanding
19-02-2026,RELIANCE.NS,1443.0,1443.0,1400.0,1409.5,11884664,41.72,-10.47,-12.6,2.1325,1482.14,1449.05,Expanding
20-02-2026,RELIANCE.NS,1409.5,1427.4,1406.1,1419.4,8177670,44.3,-10.81,-12.24,1.4327,1479.94,1449.07,Expanding
23-02-2026,RELIANCE.NS,1425.0,1434.9,1418.3,1428.0,7758856,46.52,-10.27,-11.85,1.5795,1477.76,1449.21,Expanding
24-02-2026,RELIANCE.NS,1425.3,1433.3,1415.0,1428.8,12529409,46.74,-9.66,-11.41,1.7477,1475.44,1449.35,Drying Up
25-02-2026,RELIANCE.NS,1435.0,1440.5,1393.5,1398.5,10728792,40.21,-11.5,-11.43,-0.0681,1472.28,1449.48,Drying Up
26-02-2026,RELIANCE.NS,1398.5,1412.9,1391.9,1406.8,16683858,42.58,-12.14,-11.57,-0.5688,1469.29,1449.36,Drying Up
27-02-2026,RELIANCE.NS,1398.0,1410.4,1388.1,1393.9,12031440,39.93,-13.53,-11.96,-1.5706,1466.32,1449.28,Drying Up
02-03-2026,RELIANCE.NS,1375.5,1378.6,1341.5,1358.0,23728722,33.67,-17.33,-13.04,-4.2982,1462.59,1448.98,Drying Up
04-03-2026,RELIANCE.NS,1330.0,1352.8,1307.0,1345.0,32495007,31.73,-21.15,-14.66,-6.4932,1458.61,1448.46,Drying Up
05-03-2026,RELIANCE.NS,1353.1,1399.0,1353.1,1389.4,25957532,43.67,-20.36,-15.8,-4.5615,1455.09,1448.15,Drying Up
06-03-2026,RELIANCE.NS,1396.5,1424.3,1390.3,1404.8,19311971,47.13,-18.28,-16.3,-1.9848,1451.68,1448.0,Expanding
09-03-2026,RELIANCE.NS,1375.0,1429.4,1370.0,1424.0,24870822,51.15,-14.91,-16.02,1.1082,1448.75,1448.03,Expanding
10-03-2026,RELIANCE.NS,1430.6,1431.5,1400.6,1408.8,18071259,48.03,-13.31,-15.48,2.1647,1445.76,1447.95,Expanding
11-03-2026,RELIANCE.NS,1424.9,1434.0,1383.6,1390.2,21848087,44.46,-13.39,-15.06,1.6676,1442.38,1447.89,Expanding
12-03-2026,RELIANCE.NS,1390.0,1410.9,1381.1,1392.2,20939959,44.94,-13.14,-14.68,1.5335,1439.31,1447.74,Expanding
13-03-2026,RELIANCE.NS,1385.2,1400.8,1378.4,1380.7,17265090,42.68,-13.72,-14.49,0.769,1436.13,1447.5,Expanding
16-03-2026,RELIANCE.NS,1380.0,1397.3,1363.5,1395.1,22837802,46.32,-12.86,-14.16,1.3005,1432.62,1447.39,Expanding
17-03-2026,RELIANCE.NS,1399.0,1405.9,1388.2,1397.6,19007744,46.95,-11.84,-13.7,1.8541,1429.06,1447.34,Expanding
18-03-2026,RELIANCE.NS,1397.2,1412.9,1397.2,1408.1,9559327,49.61,-10.07,-12.97,2.8989,1425.38,1447.32,Expanding
19-03-2026,RELIANCE.NS,1388.0,1415.7,1376.1,1384.8,16498373,44.29,-10.43,-12.46,2.0331,1421.51,1447.17,Expanding
20-03-2026,RELIANCE.NS,1398.0,1430.0,1396.1,1414.4,22994918,51.42,-8.23,-11.62,3.3865,1419.65,1447.2,Expanding
23-03-2026,RELIANCE.NS,1400.0,1415.6,1391.0,1407.8,18979554,49.89,-6.94,-10.68,3.7419,1417.72,1447.24,Expanding
24-03-2026,RELIANCE.NS,1420.0,1422.4,1406.6,1411.8,18620893,50.85,-5.53,-9.65,4.1212,1416.54,1447.21,Expanding
25-03-2026,RELIANCE.NS,1420.0,1430.5,1408.4,1413.1,19041331,51.17,-4.26,-8.57,4.3139,1415.3,1447.1,Expanding
27-03-2026,RELIANCE.NS,1401.0,1404.7,1345.0,1348.1,23266517,37.7,-8.4,-8.54,0.1385,1412.6,1446.65,Expanding
30-03-2026,RELIANCE.NS,1335.0,1365.0,1334.1,1343.9,24393861,37.02,-11.88,-9.21,-2.676,1410.42,1446.15,Expanding
01-04-2026,RELIANCE.NS,1384.2,1384.4,1362.9,1369.2,14404619,43.6,-12.46,-9.86,-2.6013,1408.63,1445.83,Expanding
02-04-2026,RELIANCE.NS,1357.0,1358.2,1328.0,1350.5,21280051,40.25,-14.26,-10.74,-3.5216,1406.48,1445.37,Expanding
06-04-2026,RELIANCE.NS,1359.0,1359.0,1290.0,1304.7,29274881,33.47,-19.16,-12.42,-6.7388,1404.3,1444.71,Expanding
07-04-2026,RELIANCE.NS,1295.0,1308.3,1291.0,1304.6,28388922,33.46,-22.79,-14.5,-8.2951,1402.51,1444.13,Expanding
08-04-2026,RELIANCE.NS,1349.0,1350.6,1326.2,1347.8,21817543,43.81,-21.93,-15.98,-5.9466,1401.38,1443.7,Expanding
09-04-2026,RELIANCE.NS,1346.0,1350.0,1326.3,1330.0,20725390,40.98,-22.42,-17.27,-5.1532,1399.93,1443.23,Expanding
10-04-2026,RELIANCE.NS,1337.0,1352.3,1331.5,1350.2,19364461,45.3,-20.95,-18.01,-2.9391,1399.21,1442.86,Expanding
13-04-2026,RELIANCE.NS,1321.2,1327.6,1310.0,1315.1,28753269,39.84,-22.35,-18.87,-3.4732,1397.9,1442.29,Expanding
15-04-2026,RELIANCE.NS,1337.0,1347.0,1334.2,1344.1,15313779,45.66,-20.88,-19.28,-1.6031,1396.85,1441.71,Expanding
16-04-2026,RELIANCE.NS,1352.0,1353.8,1330.0,1343.3,30211012,45.53,-19.55,-19.33,-0.2222,1395.9,1441.17,Expanding
17-04-2026,RELIANCE.NS,1340.0,1368.4,1340.0,1365.0,13869105,49.74,-16.56,-18.78,2.216,1395.29,1440.77,Expanding
20-04-2026,RELIANCE.NS,1363.2,1373.0,1352.8,1363.3,13614733,49.42,-14.16,-17.85,3.6908,1394.75,1440.28,Expanding
21-04-2026,RELIANCE.NS,1359.0,1369.8,1350.1,1353.3,27293629,47.47,-12.92,-16.87,3.9463,1393.07,1439.6,Expanding
22-04-2026,RELIANCE.NS,1350.3,1366.0,1349.1,1362.1,9525953,49.36,-11.1,-15.71,4.6149,1391.18,1438.87,Expanding
23-04-2026,RELIANCE.NS,1346.0,1355.5,1344.0,1352.4,7779792,47.34,-10.32,-14.63,4.3163,1389.36,1438.16,Expanding
06-02-2025,TCS.NS,3968.26,4001.22,3916.21,3946.37,2284536,47.73,-9.92,-10.56,0.6375,4014.01,3929.17,Drying Up
07-02-2025,TCS.NS,3953.37,3953.37,3874.11,3894.8,1548940,42.85,-14.09,-11.26,-2.821,4010.84,3930.47,Drying Up
10-02-2025,TCS.NS,3905.05,3916.64,3880.25,3902.1,1339511,43.73,-16.61,-12.33,-4.2724,4007.7,3932.02,Drying Up
11-02-2025,TCS.NS,3884.17,3905.05,3822.88,3831.15,1810908,37.67,-24.05,-14.68,-9.3735,4002.64,3933.11,Drying Up
12-02-2025,TCS.NS,3838.45,3887.4,3808.53,3818.2,1678002,36.67,-30.64,-17.87,-12.7721,3996.35,3934.29,Drying Up
13-02-2025,TCS.NS,3835.45,3851.35,3771.9,3779.53,2277310,33.79,-38.54,-22.0,-16.5373,3987.2,3935.04,Drying Up
14-02-2025,TCS.NS,3793.89,3816.12,3769.72,3803.41,1681975,37.08,-42.39,-26.08,-16.3061,3978.88,3936.14,Drying Up
17-02-2025,TCS.NS,3727.67,3802.59,3727.38,3774.07,1799806,34.79,-47.26,-30.32,-16.9408,3969.85,3936.89,Drying Up
18-02-2025,TCS.NS,3768.18,3793.31,3735.41,3743.82,2149879,32.56,-52.95,-34.84,-18.105,3960.58,3937.59,Drying Up
19-02-2025,TCS.NS,3742.85,3745.51,3642.28,3657.69,4366672,27.22,-63.67,-40.61,-23.0641,3949.69,3937.49,Drying Up
20-02-2025,TCS.NS,3635.85,3661.46,3625.99,3653.15,2888572,26.97,-71.71,-46.83,-24.883,3938.19,3937.1,Drying Up
21-02-2025,TCS.NS,3649.96,3689.49,3648.9,3659.53,1833931,27.97,-76.68,-52.8,-23.8846,3926.45,3936.75,Drying Up
24-02-2025,TCS.NS,3618.11,3637.49,3547.41,3552.82,2508516,22.41,-88.22,-59.88,-28.3355,3913.7,3935.94,Drying Up
25-02-2025,TCS.NS,3503.91,3535.81,3500.28,3508.31,4101954,20.57,-99.8,-67.87,-31.9346,3901.7,3935.23,Drying Up
27-02-2025,TCS.NS,3491.05,3516.47,3480.42,3491.87,3823856,19.92,-109.05,-76.1,-32.9462,3889.0,3934.18,Drying Up
28-02-2025,TCS.NS,3465.2,3479.74,3341.52,3366.89,7085018,15.83,-125.02,-85.89,-39.1354,3875.25,3932.72,Expanding
03-03-2025,TCS.NS,3368.58,3405.56,3360.03,3376.37,4990439,17.22,-135.36,-95.78,-39.5756,3863.61,3931.4,Expanding
04-03-2025,TCS.NS,3357.95,3432.38,3348.58,3414.06,2797737,22.68,-138.9,-104.41,-34.4979,3852.96,3930.05,Expanding
05-03-2025,TCS.NS,3403.24,3480.08,3403.24,3428.56,2501894,24.74,-138.94,-111.31,-27.6297,3842.19,3929.08,Expanding
06-03-2025,TCS.NS,3438.18,3488.88,3417.98,3481.29,2786513,31.85,-133.18,-115.69,-17.4967,3832.67,3928.45,Expanding
07-03-2025,TCS.NS,3479.74,3503.91,3455.0,3490.57,2051315,33.04,-126.41,-117.83,-8.5814,3823.43,3927.8,Expanding
10-03-2025,TCS.NS,3486.03,3501.1,3462.92,3469.74,1004626,31.7,-121.33,-118.53,-2.7987,3813.88,3926.76,Expanding
11-03-2025,TCS.NS,3439.15,3468.87,3419.48,3455.87,1995450,30.8,-117.07,-118.24,1.168,3805.26,3925.86,Expanding
12-03-2025,TCS.NS,3445.91,3450.02,3370.37,3389.08,3174167,26.84,-117.73,-118.14,0.4084,3794.98,3924.63,Expanding
13-03-2025,TCS.NS,3385.31,3406.57,3367.71,3393.76,1693004,27.55,-116.53,-117.82,1.2872,3783.59,3923.46,Expanding
17-03-2025,TCS.NS,3372.45,3412.52,3361.19,3380.86,2690906,26.78,-115.29,-117.31,2.0211,3773.38,3922.4,Expanding
19-03-2025,TCS.NS,3428.51,3428.51,3347.08,3380.28,3051244,26.75,-113.05,-116.46,3.4076,3763.25,3921.66,Expanding
20-03-2025,TCS.NS,3394.68,3459.4,3394.68,3444.12,2845192,36.78,-104.92,-114.15,9.2341,3755.67,3921.54,Expanding
21-03-2025,TCS.NS,3358.92,3495.45,3349.25,3458.57,4161925,38.82,-96.19,-110.56,14.3649,3746.85,3921.35,Expanding
24-03-2025,TCS.NS,3479.74,3527.83,3447.46,3507.73,1834751,45.3,-84.34,-105.32,20.9724,3740.34,3921.34,Expanding
25-03-2025,TCS.NS,3523.24,3586.07,3516.47,3535.56,3135390,48.62,-71.88,-98.63,26.7512,3730.07,3921.32,Expanding
26-03-2025,TCS.NS,3525.9,3557.55,3504.73,3514.35,1734499,46.31,-62.98,-91.5,28.5161,3718.9,3920.8,Expanding
27-03-2025,TCS.NS,3494.1,3540.64,3489.89,3529.23,2528474,48.17,-54.11,-84.02,29.9115,3709.13,3920.05,Expanding
28-03-2025,TCS.NS,3529.04,3538.66,3471.91,3485.69,2051919,43.44,-50.02,-77.22,27.2052,3698.18,3919.26,Expanding
01-04-2025,TCS.NS,3453.35,3464.28,3407.25,3432.19,2618493,38.44,-50.51,-71.88,21.3725,3686.98,3918.23,Expanding
02-04-2025,TCS.NS,3425.61,3445.04,3412.13,3425.57,1764313,37.86,-50.84,-67.67,16.829,3675.76,3917.26,Expanding
03-04-2025,TCS.NS,3374.38,3385.02,3282.7,3289.47,4537821,28.37,-61.38,-66.41,5.0307,3662.72,3915.39,Expanding
04-04-2025,TCS.NS,3250.27,3286.09,3185.41,3189.18,5317367,23.67,-76.94,-68.52,-8.4225,3648.48,3913.23,Expanding
07-04-2025,TCS.NS,2996.45,3181.45,2953.96,3164.68,6623955,22.68,-90.21,-72.86,-17.3522,3631.42,3911.04,Expanding
08-04-2025,TCS.NS,3191.75,3237.13,3146.56,3182.95,5557558,25.19,-98.12,-77.91,-20.2095,3614.94,3909.0,Expanding
09-04-2025,TCS.NS,3151.63,3160.77,3104.75,3138.15,2990265,23.2,-106.77,-83.68,-23.0898,3597.43,3906.8,Expanding
11-04-2025,TCS.NS,3179.66,3188.75,3098.9,3123.55,7108961,22.57,-113.5,-89.64,-23.8533,3581.31,3904.42,Expanding
15-04-2025,TCS.NS,3203.68,3203.68,3130.42,3139.69,3512160,24.98,-116.19,-94.95,-21.234,3566.0,3902.09,Expanding
16-04-2025,TCS.NS,3139.69,3168.6,3121.14,3164.44,2384391,28.65,-115.0,-98.96,-16.0343,3550.03,3899.78,Expanding
17-04-2025,TCS.NS,3137.08,3193.24,3110.5,3188.7,2932346,32.15,-110.82,-101.33,-9.4842,3534.54,3897.51,Expanding
21-04-2025,TCS.NS,3180.2,3241.96,3174.4,3210.64,2432946,35.25,-104.53,-101.97,-2.5574,3519.25,3894.99,Expanding
22-04-2025,TCS.NS,3211.61,3222.53,3184.93,3203.68,2710498,34.71,-98.97,-101.37,2.4038,3504.59,3892.56,Expanding
23-04-2025,TCS.NS,3252.59,3306.63,3225.82,3298.99,3543923,46.75,-85.88,-98.27,12.3937,3491.91,3890.27,Expanding
24-04-2025,TCS.NS,3287.49,3298.51,3274.53,3287.97,2252175,45.7,-75.52,-93.72,18.1983,3478.27,3887.73,Expanding
25-04-2025,TCS.NS,3305.76,3361.63,3291.26,3332.82,2742991,50.57,-62.97,-87.57,24.5991,3465.84,3885.67,Expanding
28-04-2025,TCS.NS,3320.25,3342.29,3291.26,3328.47,1593296,50.1,-52.77,-80.61,27.8423,3453.48,3883.32,Expanding
29-04-2025,TCS.NS,3339.59,3378.25,3315.81,3356.5,1578332,53.12,-41.94,-72.88,30.9394,3442.72,3881.15,Expanding
30-04-2025,TCS.NS,3356.02,3392.65,3253.56,3338.33,2809332,50.96,-34.42,-65.19,30.7634,3431.44,3878.99,Expanding
02-05-2025,TCS.NS,3356.02,3374.87,3305.76,3316.39,1721761,48.41,-29.89,-58.13,28.2344,3421.15,3876.74,Expanding
05-05-2025,TCS.NS,3334.75,3387.43,3331.27,3338.91,1284443,51.12,-24.21,-51.34,27.1364,3411.56,3874.98,Expanding
06-05-2025,TCS.NS,3344.42,3356.99,3322.19,3344.42,1324763,51.78,-19.04,-44.88,25.8454,3402.86,3873.17,Expanding
07-05-2025,TCS.NS,3306.34,3343.94,3306.34,3330.02,1477128,49.87,-15.92,-39.09,23.1714,3393.39,3870.05,Expanding
08-05-2025,TCS.NS,3332.82,3360.85,3314.17,3333.69,2543591,50.38,-13.0,-33.87,20.8716,3384.58,3867.03,Drying Up
09-05-2025,TCS.NS,3285.46,3331.08,3284.59,3325.38,2531757,49.17,-11.23,-29.34,18.1142,3376.21,3863.92,Drying Up
12-05-2025,TCS.NS,3387.92,3509.22,3385.21,3499.46,2228678,66.97,4.17,-22.64,26.8135,3373.05,3861.04,Drying Up
13-05-2025,TCS.NS,3499.46,3501.97,3393.23,3397.58,3062887,54.86,8.07,-16.5,24.5652,3367.94,3857.66,Drying Up
14-05-2025,TCS.NS,3403.38,3442.05,3391.4,3430.16,2119499,57.51,13.62,-10.47,24.0975,3363.35,3854.51,Drying Up
15-05-2025,TCS.NS,3444.95,3479.74,3396.71,3460.31,3548330,59.85,20.23,-4.33,24.5612,3361.5,3851.44,Drying Up
16-05-2025,TCS.NS,3473.85,3473.85,3427.64,3442.34,1666727,57.8,23.74,1.28,22.4564,3360.18,3848.27,Drying Up
19-05-2025,TCS.NS,3431.41,3431.41,3386.66,3401.26,2537377,53.31,22.94,5.61,17.3267,3358.37,3844.81,Drying Up
20-05-2025,TCS.NS,3413.82,3439.15,3377.28,3381.44,2038374,51.25,20.47,8.58,11.8875,3358.66,3840.95,Drying Up
21-05-2025,TCS.NS,3390.82,3418.85,3381.44,3408.02,1440153,53.83,20.42,10.95,9.4732,3359.29,3837.25,Drying Up
22-05-2025,TCS.NS,3378.25,3380.96,3336.01,3360.85,2034383,48.88,16.39,12.04,4.3533,3358.23,3833.39,Drying Up
23-05-2025,TCS.NS,3360.85,3416.91,3349.83,3397.2,1274331,52.5,15.95,12.82,3.1256,3357.6,3829.61,Drying Up
26-05-2025,TCS.NS,3403.38,3426.58,3392.85,3419.14,967470,54.6,17.17,13.69,3.4757,3356.36,3825.89,Drying Up
27-05-2025,TCS.NS,3414.01,3421.75,3366.75,3381.83,2467680,50.52,14.95,13.94,1.007,3354.18,3822.52,Drying Up
28-05-2025,TCS.NS,3402.42,3411.11,3376.32,3380.86,1222933,50.41,12.96,13.75,-0.7819,3352.41,3819.76,Drying Up
29-05-2025,TCS.NS,3387.63,3414.5,3370.03,3381.25,3188072,50.46,11.29,13.26,-1.9628,3350.91,3816.92,Drying Up
30-05-2025,TCS.NS,3373.42,3389.56,3337.75,3347.71,3404365,46.56,7.18,12.04,-4.8615,3350.09,3813.77,Drying Up
02-06-2025,TCS.NS,3334.75,3344.42,3304.4,3334.56,1877585,45.09,2.83,10.2,-7.3721,3348.9,3810.69,Drying Up
03-06-2025,TCS.NS,3330.89,3357.47,3286.91,3291.45,2848125,40.57,-4.06,7.35,-11.4034,3347.11,3807.13,Drying Up
04-06-2025,TCS.NS,3304.91,3310.56,3286.38,3297.01,2544807,41.39,-8.96,4.09,-13.0447,3345.45,3803.75,Drying Up
05-06-2025,TCS.NS,3324.41,3324.41,3280.24,3287.45,3584683,40.36,-13.46,0.58,-14.0367,3342.32,3800.32,Drying Up
06-06-2025,TCS.NS,3287.45,3306.76,3275.36,3300.23,2070390,42.42,-15.81,-2.7,-13.1126,3339.15,3796.48,Drying Up
09-06-2025,TCS.NS,3315.63,3348.79,3306.76,3336.99,1718678,47.97,-14.55,-5.07,-9.4752,3335.73,3792.26,Drying Up
10-06-2025,TCS.NS,3354.64,3399.31,3338.26,3376.97,2419874,53.26,-10.2,-6.1,-4.1008,3332.56,3787.89,Drying Up
11-06-2025,TCS.NS,3383.9,3402.43,3363.52,3385.75,2847013,54.35,-5.97,-6.07,0.0985,3329.99,3783.41,Drying Up
12-06-2025,TCS.NS,3385.75,3388.48,3338.26,3348.99,4060134,49.16,-5.53,-5.96,0.4344,3326.39,3778.6,Drying Up
13-06-2025,TCS.NS,3309.0,3364.88,3309.0,3360.2,2178493,50.7,-4.22,-5.61,1.3923,3323.88,3774.09,Drying Up
16-06-2025,TCS.NS,3354.64,3421.93,3341.18,3409.55,1934088,56.92,0.79,-4.33,5.1199,3323.42,3770.01,Drying Up
17-06-2025,TCS.NS,3422.91,3432.66,3401.55,3428.07,2111940,59.01,6.18,-2.23,8.4098,3323.47,3765.83,Drying Up
18-06-2025,TCS.NS,3431.78,3450.21,3357.67,3365.76,2696327,50.19,5.36,-0.71,6.0746,3325.0,3761.37,Drying Up
19-06-2025,TCS.NS,3364.39,3365.37,3328.31,3339.04,2672768,46.95,2.53,-0.06,2.5938,3328.0,3756.73,Drying Up
20-06-2025,TCS.NS,3340.01,3360.79,3326.26,3350.45,2351248,48.48,1.19,0.19,1.0049,3331.71,3752.13,Drying Up
23-06-2025,TCS.NS,3330.26,3340.01,3286.38,3309.39,3123421,43.61,-3.15,-0.48,-2.6654,3334.24,3747.12,Expanding
24-06-2025,TCS.NS,3349.38,3356.69,3298.08,3306.27,3403048,43.25,-6.76,-1.74,-5.021,3337.6,3742.25,Expanding
25-06-2025,TCS.NS,3322.75,3364.39,3315.63,3359.32,1757699,50.63,-5.28,-2.44,-2.8328,3342.32,3737.68,Expanding
26-06-2025,TCS.NS,3359.32,3365.76,3330.56,3356.4,2879106,50.24,-4.29,-2.81,-1.4773,3346.65,3733.26,Expanding
27-06-2025,TCS.NS,3369.27,3380.39,3345.87,3355.72,1778433,50.14,-3.52,-2.95,-0.5681,3350.48,3728.85,Expanding
30-06-2025,TCS.NS,3354.54,3378.92,3344.89,3376.1,1468351,53.04,-1.26,-2.62,1.3592,3354.23,3724.63,Expanding
01-07-2025,TCS.NS,3369.27,3398.53,3328.8,3344.6,2375183,48.36,-1.98,-2.49,0.5096,3356.9,3720.29,Expanding
02-07-2025,TCS.NS,3400.67,3403.3,3335.14,3338.36,3090585,47.47,-3.02,-2.59,-0.4253,3359.6,3715.64,Expanding
03-07-2025,TCS.NS,3344.89,3350.06,3313.29,3316.42,2531870,44.36,-5.55,-3.19,-2.3656,3359.95,3711.01,Expanding
04-07-2025,TCS.NS,3323.44,3341.96,3305.98,3334.94,1109320,47.49,-5.99,-3.75,-2.2462,3360.89,3706.3,Expanding
07-07-2025,TCS.NS,3333.48,3341.09,3323.83,3327.04,1639174,46.29,-6.9,-4.38,-2.5235,3360.77,3701.53,Expanding
08-07-2025,TCS.NS,3320.51,3340.01,3309.2,3321.68,2325242,45.46,-7.96,-5.09,-2.8675,3360.63,3696.77,Expanding
09-07-2025,TCS.NS,3325.39,3329.29,3283.45,3299.84,2034938,42.12,-10.45,-6.16,-4.2803,3359.5,3691.94,Expanding
10-07-2025,TCS.NS,3296.13,3314.66,3272.73,3298.08,3035012,41.86,-12.41,-7.41,-4.9973,3358.7,3687.85,Expanding
11-07-2025,TCS.NS,3218.02,3252.25,3180.18,3184.96,7635550,29.11,-22.83,-10.5,-12.3363,3356.07,3683.44,Expanding
14-07-2025,TCS.NS,3184.96,3190.81,3120.6,3142.73,3924009,25.94,-34.11,-15.22,-18.8886,3352.14,3678.87,Expanding
15-07-2025,TCS.NS,3126.45,3178.52,3126.45,3171.6,2590889,31.44,-40.25,-20.23,-20.0244,3348.69,3674.52,Expanding
16-07-2025,TCS.NS,3157.61,3175.12,3151.34,3163.58,2540733,30.76,-45.24,-25.23,-20.0142,3345.36,3670.11,Expanding
17-07-2025,TCS.NS,3154.77,3172.28,3135.2,3140.19,2947640,28.79,-50.51,-30.29,-20.2211,3341.49,3665.58,Expanding
18-07-2025,TCS.NS,3155.65,3159.37,3118.47,3121.3,3432645,27.27,-55.56,-35.34,-20.2198,3337.41,3660.86,Expanding
21-07-2025,TCS.NS,3121.4,3128.84,3084.22,3090.29,3844346,24.95,-61.36,-40.54,-20.8164,3329.22,3655.92,Expanding
22-07-2025,TCS.NS,3091.66,3111.72,3086.76,3091.66,3198036,25.25,-65.1,-45.45,-19.642,3323.11,3651.17,Expanding
23-07-2025,TCS.NS,3091.66,3113.57,3089.7,3110.74,1922875,29.52,-65.76,-49.52,-16.2442,3316.72,3646.42,Expanding
24-07-2025,TCS.NS,3097.04,3105.45,3072.48,3080.31,2934778,26.88,-67.96,-53.2,-14.7536,3309.12,3641.79,Expanding
25-07-2025,TCS.NS,3072.48,3089.01,3058.39,3068.37,2568917,25.91,-69.86,-56.53,-13.3227,3301.64,3637.0,Expanding
28-07-2025,TCS.NS,3043.12,3050.95,3003.89,3013.08,3374473,21.93,-74.96,-60.22,-14.7401,3293.87,3631.83,Expanding
29-07-2025,TCS.NS,2994.2,3007.9,2975.8,2990.28,4785312,20.53,-79.92,-64.16,-15.7618,3286.05,3626.65,Expanding
30-07-2025,TCS.NS,2994.2,3003.0,2981.67,2987.94,2880121,20.39,-83.09,-67.95,-15.1409,3277.65,3621.46,Expanding
31-07-2025,TCS.NS,2976.29,2994.0,2950.17,2971.5,2968371,19.36,-85.93,-71.54,-14.3876,3269.86,3616.3,Expanding
01-08-2025,TCS.NS,2964.75,2971.5,2935.49,2938.42,2053847,17.46,-89.82,-75.2,-14.6197,3260.69,3611.35,Expanding
04-08-2025,TCS.NS,2944.39,3013.18,2927.27,3008.29,2519252,32.54,-86.27,-77.41,-8.8546,3252.47,3606.81,Expanding
05-08-2025,TCS.NS,3008.29,3011.32,2976.59,2998.01,1927996,31.63,-83.32,-78.59,-4.7269,3244.79,3602.31,Expanding
06-08-2025,TCS.NS,2997.13,3000.85,2960.93,2967.09,1487081,28.99,-82.53,-79.38,-3.1487,3236.52,3597.76,Expanding
07-08-2025,TCS.NS,2951.14,2985.98,2946.15,2981.48,2543076,31.84,-79.82,-79.47,-0.3528,3228.52,3593.21,Expanding
08-08-2025,TCS.NS,2982.55,2994.0,2959.95,2971.11,2762140,30.88,-77.62,-79.1,1.4806,3220.99,3588.5,Expanding
11-08-2025,TCS.NS,2971.11,2984.32,2956.33,2975.41,1884215,31.8,-74.66,-78.21,3.5481,3213.81,3584.02,Expanding
12-08-2025,TCS.NS,2975.61,3029.82,2961.81,2970.13,3358232,31.25,-71.92,-76.95,5.0337,3207.38,3579.81,Expanding
13-08-2025,TCS.NS,2970.81,2978.93,2963.47,2970.91,2148166,31.44,-68.89,-75.34,6.4526,3200.86,3575.37,Expanding
14-08-2025,TCS.NS,2968.76,2990.19,2954.18,2957.31,3342174,29.89,-66.81,-73.63,6.8225,3194.26,3570.95,Expanding
18-08-2025,TCS.NS,2980.99,2983.43,2938.82,2946.45,2945609,28.68,-65.29,-71.97,6.6749,3187.18,3566.42,Expanding
19-08-2025,TCS.NS,2946.45,2959.95,2946.35,2951.34,2650784,30.06,-62.96,-70.16,7.2007,3179.47,3561.77,Drying Up
20-08-2025,TCS.NS,2946.15,3036.66,2946.15,3031.97,4952358,47.88,-53.99,-66.93,12.938,3172.57,3557.59,Expanding
21-08-2025,TCS.NS,3062.69,3062.69,3016.8,3035.88,3230726,48.56,-46.04,-62.75,16.7158,3165.57,3553.38,Expanding
22-08-2025,TCS.NS,3019.64,3029.13,2984.41,2988.33,1593791,41.44,-43.07,-58.82,15.7447,3158.36,3549.49,Expanding
25-08-2025,TCS.NS,3020.91,3084.22,3010.93,3073.07,3448370,54.3,-33.5,-53.75,20.2546,3152.61,3545.95,Expanding
26-08-2025,TCS.NS,3061.71,3094.0,3052.91,3089.31,5522097,56.29,-24.32,-47.87,23.5461,3146.21,3542.58,Expanding
28-08-2025,TCS.NS,3077.37,3078.84,3020.13,3027.17,3116051,47.75,-21.81,-42.65,20.846,3138.19,3538.87,Expanding
29-08-2025,TCS.NS,3026.49,3048.02,3011.03,3018.37,2271789,46.67,-20.29,-38.18,17.8877,3131.24,3534.32,Drying Up
01-09-2025,TCS.NS,3023.55,3063.77,3023.55,3045.67,1246862,50.42,-16.7,-33.89,17.1861,3125.38,3529.85,Drying Up
02-09-2025,TCS.NS,3053.98,3087.16,3036.37,3044.59,2185229,50.27,-13.78,-29.86,16.0856,3119.26,3525.39,Drying Up
03-09-2025,TCS.NS,3062.6,3074.34,3021.6,3030.89,1799774,48.3,-12.43,-26.38,13.9507,3113.69,3520.62,Drying Up
04-09-2025,TCS.NS,3048.99,3050.95,3024.34,3029.13,1481391,48.04,-11.36,-23.37,12.0093,3108.15,3515.84,Drying Up
05-09-2025,TCS.NS,3030.5,3036.66,2963.47,2982.75,2802055,41.67,-14.1,-21.52,7.4161,3100.62,3511.06,Drying Up
08-09-2025,TCS.NS,2984.41,2998.99,2951.14,2954.08,2626187,38.29,-18.38,-20.89,2.515,3092.57,3506.16,Drying Up
09-09-2025,TCS.NS,2966.9,2994.2,2965.63,2983.83,2489301,43.42,-19.14,-20.54,1.4,3085.13,3502.0,Drying Up
10-09-2025,TCS.NS,2990.68,3055.55,2987.74,3043.12,2079428,51.98,-14.79,-19.39,4.5992,3078.47,3498.05,Drying Up
11-09-2025,TCS.NS,3071.5,3071.5,3043.22,3057.02,2263446,53.75,-10.11,-17.53,7.4268,3072.72,3494.0,Drying Up
12-09-2025,TCS.NS,3076.39,3080.99,3053.89,3066.02,1447167,54.91,-5.6,-15.15,9.5441,3067.27,3489.19,Drying Up
15-09-2025,TCS.NS,3066.61,3066.61,3029.42,3044.98,1732539,51.65,-3.69,-12.86,9.1665,3061.84,3483.94,Drying Up
16-09-2025,TCS.NS,3060.74,3082.26,3042.24,3078.06,2573429,56.06,0.49,-10.19,10.6771,3056.71,3478.67,Drying Up
17-09-2025,TCS.NS,3084.22,3113.97,3074.83,3104.57,2418271,59.27,5.87,-6.98,12.8493,3052.26,3473.63,Drying Up
18-09-2025,TCS.NS,3116.51,3134.12,3093.42,3108.39,2633138,59.73,10.33,-3.51,13.8444,3047.99,3469.03,Drying Up
19-09-2025,TCS.NS,3101.83,3112.11,3076.39,3101.05,4901694,58.37,13.12,-0.19,13.3061,3044.02,3464.27,Drying Up
22-09-2025,TCS.NS,3028.45,3040.09,2999.09,3007.7,3634901,44.55,7.71,1.39,6.3155,3038.21,3459.01,Drying Up
23-09-2025,TCS.NS,3003.98,3014.45,2986.37,2996.55,3177741,43.24,2.49,1.61,0.8784,3034.44,3453.57,Drying Up
24-09-2025,TCS.NS,2984.41,2991.26,2967.78,2970.13,1625714,40.21,-3.73,0.54,-4.2763,3030.99,3447.76,Drying Up
25-09-2025,TCS.NS,2957.02,2964.45,2887.54,2893.8,4974361,33.01,-14.66,-2.5,-12.1587,3025.43,3441.04,Drying Up
26-09-2025,TCS.NS,2877.76,2891.26,2829.13,2836.76,3934636,28.85,-27.6,-7.52,-20.0796,3018.9,3434.13,Drying Up
29-09-2025,TCS.NS,2853.29,2866.31,2831.77,2833.82,3110035,28.65,-37.66,-13.55,-24.1104,3012.77,3427.17,Drying Up
30-09-2025,TCS.NS,2848.4,2852.61,2823.06,2826.29,2253458,28.11,-45.71,-19.98,-25.7303,3006.87,3420.27,Drying Up
01-10-2025,TCS.NS,2828.83,2861.91,2804.96,2851.53,1952902,32.68,-49.48,-25.88,-23.6036,3002.09,3413.51,Drying Up
03-10-2025,TCS.NS,2861.12,2861.12,2828.93,2839.5,2899519,31.64,-52.84,-31.27,-21.5654,2997.05,3406.57,Expanding
06-10-2025,TCS.NS,2839.6,2929.23,2833.33,2924.14,2112774,44.84,-48.11,-34.64,-13.4708,2993.32,3399.96,Drying Up
07-10-2025,TCS.NS,2930.6,2939.89,2891.95,2909.75,3062943,43.31,-45.0,-36.71,-8.2933,2989.91,3393.56,Expanding
08-10-2025,TCS.NS,2911.03,2977.56,2904.18,2962.1,4121889,50.0,-37.88,-36.95,-0.9378,2987.78,3387.82,Expanding
09-10-2025,TCS.NS,2968.76,3000.07,2955.06,2995.86,3211304,53.79,-29.18,-35.39,6.2128,2987.44,3382.17,Expanding
10-10-2025,TCS.NS,2984.41,3003.98,2942.24,2963.18,8817365,49.85,-24.64,-33.24,8.6059,2986.89,3376.71,Expanding
13-10-2025,TCS.NS,2961.91,2970.23,2933.73,2942.53,2866865,47.49,-22.44,-31.08,8.6402,2985.99,3371.64,Expanding
14-10-2025,TCS.NS,2956.04,2962.1,2891.95,2896.64,3611416,42.64,-24.13,-29.69,5.5635,2984.49,3366.38,Expanding
15-10-2025,TCS.NS,2917.95,2926.5,2898.31,2916.78,4282226,45.28,-23.57,-28.47,4.899,2984.06,3361.13,Expanding
16-10-2025,TCS.NS,2916.87,2921.88,2890.55,2917.66,3251495,45.4,-22.79,-27.33,4.5416,2982.24,3355.94,Expanding
17-10-2025,TCS.NS,2916.97,2935.44,2902.63,2909.31,4374683,44.42,-22.59,-26.38,3.7959,2980.47,3350.72,Expanding
20-10-2025,TCS.NS,2932.2,2969.03,2925.32,2961.37,3133039,51.45,-18.02,-24.71,6.692,2980.36,3345.79,Expanding
21-10-2025,TCS.NS,2976.98,2977.67,2942.51,2953.02,310644,50.35,-14.9,-22.75,7.8489,2979.79,3341.12,Expanding
23-10-2025,TCS.NS,3000.46,3042.69,2981.89,3018.33,5564758,57.93,-7.07,-19.61,12.538,2980.73,3336.7,Expanding
24-10-2025,TCS.NS,3025.01,3034.83,3003.7,3008.51,2684318,56.54,-1.65,-16.02,14.3718,2981.39,3331.92,Expanding
27-10-2025,TCS.NS,3011.75,3038.96,3005.56,3029.82,1946312,58.86,4.32,-11.95,16.274,2982.59,3327.62,Expanding
28-10-2025,TCS.NS,3021.08,3035.03,2985.92,3003.3,3470737,54.93,6.84,-8.19,15.0297,2983.23,3323.2,Expanding
29-10-2025,TCS.NS,3003.3,3021.08,2991.71,3003.01,2895420,54.88,8.7,-4.81,13.5179,2984.15,3319.1,Expanding
30-10-2025,TCS.NS,2994.66,3009.1,2978.65,2981.11,2241536,51.59,8.32,-2.19,10.5078,2984.84,3314.51,Expanding
31-10-2025,TCS.NS,2980.81,3012.63,2971.09,3003.4,1868085,54.58,9.71,0.19,9.513,2985.88,3310.36,Expanding
03-11-2025,TCS.NS,2992.5,3003.4,2956.26,2962.94,2194877,48.7,7.45,1.64,5.8067,2984.5,3304.93,Expanding
04-11-2025,TCS.NS,2965.69,2975.21,2922.87,2936.81,2670720,45.3,3.52,2.02,1.4971,2982.52,3299.25,Expanding
06-11-2025,TCS.NS,2936.71,2970.01,2936.62,2957.14,2542721,48.32,2.01,2.02,-0.0036,2981.9,3293.94,Expanding
07-11-2025,TCS.NS,2947.42,2950.37,2907.64,2938.38,1830520,45.81,-0.68,1.48,-2.1595,2979.2,3288.47,Expanding
10-11-2025,TCS.NS,2939.56,2993.48,2938.58,2971.19,1556656,50.64,-0.17,1.15,-1.3176,2976.84,3283.36,Expanding
11-11-2025,TCS.NS,2990.63,3001.14,2964.12,2992.6,2806868,53.55,1.94,1.31,0.6351,2976.15,3278.39,Drying Up
12-11-2025,TCS.NS,3005.37,3080.4,3002.52,3075.88,4460315,62.75,10.22,3.09,7.1289,2977.3,3274.06,Expanding
13-11-2025,TCS.NS,3075.88,3075.98,3046.62,3050.25,1740435,58.89,14.54,5.38,9.1613,2977.39,3269.81,Drying Up
14-11-2025,TCS.NS,3034.83,3057.52,3022.36,3050.54,2210794,58.92,17.79,7.86,9.9247,2977.51,3264.97,Drying Up
17-11-2025,TCS.NS,3050.54,3067.73,3031.49,3046.81,2232853,58.31,19.83,10.25,9.573,2977.83,3260.17,Drying Up
18-11-2025,TCS.NS,3046.62,3049.56,3023.04,3031.98,2548350,55.85,20.02,12.21,7.8109,2977.89,3255.27,Drying Up
19-11-2025,TCS.NS,3041.71,3098.67,3028.45,3091.5,3151053,62.66,24.69,14.7,9.984,2980.06,3251.08,Drying Up
20-11-2025,TCS.NS,3091.79,3108.0,3082.07,3088.65,2700767,62.17,27.84,17.33,10.5068,2982.75,3246.99,Drying Up
21-11-2025,TCS.NS,3088.65,3113.4,3079.22,3094.35,4177037,62.8,30.44,19.95,10.4893,2984.96,3242.65,Drying Up
24-11-2025,TCS.NS,3101.62,3122.14,3075.1,3085.12,6703764,61.02,31.4,22.24,9.1574,2985.8,3238.26,Drying Up
25-11-2025,TCS.NS,3089.14,3093.56,3059.38,3063.51,2737920,56.95,30.07,23.81,6.2608,2985.93,3233.7,Drying Up
26-11-2025,TCS.NS,3063.12,3121.26,3061.35,3106.43,2508527,62.32,32.1,25.47,6.6391,2986.74,3229.55,Drying Up
27-11-2025,TCS.NS,3123.22,3123.22,3069.21,3080.6,2836233,57.66,31.28,26.63,4.6476,2987.45,3225.29,Drying Up
28-11-2025,TCS.NS,3083.94,3091.11,3069.21,3081.48,1616690,57.78,30.34,27.37,2.9694,2987.52,3220.85,Drying Up
01-12-2025,TCS.NS,3081.87,3097.69,3066.46,3077.46,1747647,57.01,28.94,27.68,1.2553,2986.98,3216.46,Drying Up
02-12-2025,TCS.NS,3075.1,3087.87,3064.69,3079.71,2512003,57.35,27.69,27.69,0.0069,2986.41,3212.13,Drying Up
03-12-2025,TCS.NS,3083.94,3154.55,3082.96,3123.22,3952112,63.41,29.87,28.12,1.7484,2986.85,3208.27,Drying Up
04-12-2025,TCS.NS,3136.97,3191.97,3130.49,3171.54,5025905,68.72,35.09,29.52,5.5756,2990.13,3204.62,Drying Up
05-12-2025,TCS.NS,3172.33,3213.19,3164.87,3180.38,5244013,69.59,39.49,31.51,7.9771,2993.8,3201.36,Drying Up
08-12-2025,TCS.NS,3185.1,3201.7,3151.31,3178.71,2544725,69.19,42.35,33.68,8.6704,2997.97,3198.17,Expanding
09-12-2025,TCS.NS,3172.33,3175.96,3124.4,3151.02,2734893,62.88,41.9,35.32,6.5758,3003.12,3195.02,Expanding
10-12-2025,TCS.NS,3167.42,3167.42,3121.36,3132.26,1386849,58.95,39.57,36.17,3.3991,3009.03,3191.67,Drying Up
11-12-2025,TCS.NS,3147.78,3151.12,3096.8,3134.91,1914362,59.34,37.51,36.44,1.0692,3015.05,3188.47,Drying Up
12-12-2025,TCS.NS,3140.61,3165.46,3128.82,3163.0,1146554,63.28,37.71,36.69,1.0132,3021.78,3185.57,Drying Up
15-12-2025,TCS.NS,3153.77,3180.38,3140.21,3172.53,1562190,64.54,38.19,36.99,1.1985,3028.2,3183.14,Drying Up
16-12-2025,TCS.NS,3162.51,3162.51,3134.13,3147.88,1734623,58.92,36.17,36.83,-0.6587,3034.37,3180.62,Drying Up
17-12-2025,TCS.NS,3143.36,3179.11,3143.36,3160.35,1376350,60.78,35.17,36.5,-1.3279,3039.1,3178.12,Drying Up
18-12-2025,TCS.NS,3170.37,3229.1,3163.49,3222.22,2307422,68.42,38.92,36.98,1.9382,3045.35,3176.47,Drying Up
19-12-2025,TCS.NS,3240.1,3258.66,3220.26,3223.4,3902511,68.55,41.51,37.89,3.6218,3050.57,3175.04,Drying Up
22-12-2025,TCS.NS,3250.9,3269.17,3232.24,3265.54,2632816,72.72,46.42,39.59,6.8307,3055.97,3173.91,Drying Up
23-12-2025,TCS.NS,3260.63,3260.63,3234.7,3250.9,2365420,69.28,48.58,41.39,7.189,3061.72,3173.33,Drying Up
24-12-2025,TCS.NS,3245.11,3267.7,3237.25,3259.74,1367708,70.2,50.42,43.2,7.2235,3068.06,3172.75,Drying Up
26-12-2025,TCS.NS,3253.95,3260.72,3213.38,3221.44,1176664,61.61,48.23,44.2,4.0282,3074.56,3171.79,Drying Up
29-12-2025,TCS.NS,3221.44,3229.29,3185.0,3193.45,2079473,56.2,43.73,44.11,-0.3751,3080.09,3170.61,Drying Up
30-12-2025,TCS.NS,3191.97,3209.16,3181.66,3188.83,2807593,55.34,39.34,43.16,-3.812,3085.52,3169.15,Drying Up
31-12-2025,TCS.NS,3182.15,3188.04,3141.39,3148.96,3362634,48.42,32.28,40.98,-8.7046,3090.31,3167.44,Drying Up
01-01-2026,TCS.NS,3157.6,3176.36,3141.1,3169.78,1255735,51.81,28.03,38.39,-10.3597,3094.48,3165.94,Drying Up
02-01-2026,TCS.NS,3176.26,3196.2,3162.02,3192.66,1184324,55.28,26.21,35.95,-9.7436,3099.27,3164.62,Drying Up
05-01-2026,TCS.NS,3182.64,3189.03,3134.03,3158.68,2341703,49.57,21.78,33.12,-11.3431,3102.08,3163.47,Drying Up
06-01-2026,TCS.NS,3152.69,3204.94,3147.78,3197.67,2912325,55.28,21.16,30.73,-9.5647,3105.86,3162.49,Drying Up
07-01-2026,TCS.NS,3185.0,3241.67,3165.65,3236.76,1989442,60.16,23.56,29.29,-5.7341,3110.0,3161.77,Drying Up
08-01-2026,TCS.NS,3228.21,3228.21,3125.19,3146.7,4159336,47.35,17.99,27.03,-9.0473,3112.87,3160.6,Drying Up
09-01-2026,TCS.NS,3134.03,3172.04,3134.03,3150.53,1938673,47.86,13.72,24.37,-10.6516,3115.82,3159.13,Drying Up
12-01-2026,TCS.NS,3145.81,3193.94,3117.63,3181.76,2228342,51.93,12.71,22.04,-9.3278,3119.83,3157.75,Drying Up
13-01-2026,TCS.NS,3187.06,3221.44,3153.18,3209.65,5645341,55.29,14.0,20.43,-6.43,3123.96,3156.26,Drying Up
14-01-2026,TCS.NS,3201.79,3201.79,3126.17,3135.5,3539511,46.07,8.94,18.13,-9.1951,3127.41,3154.26,Drying Up
16-01-2026,TCS.NS,3219.4,3221.9,3171.0,3206.7,4293470,54.0,10.55,16.61,-6.0676,3132.8,3152.72,Drying Up
19-01-2026,TCS.NS,3188.0,3220.0,3152.1,3163.6,3387562,49.28,8.25,14.94,-6.6914,3136.93,3150.89,Expanding
20-01-2026,TCS.NS,3151.6,3160.0,3091.1,3102.3,4499273,43.45,1.47,12.25,-10.7798,3140.21,3148.98,Drying Up
21-01-2026,TCS.NS,3100.0,3138.5,3082.0,3122.6,2015150,45.74,-2.24,9.35,-11.5934,3143.24,3147.43,Drying Up
22-01-2026,TCS.NS,3150.0,3160.0,3122.3,3150.4,2269827,48.8,-2.91,6.9,-9.8067,3146.4,3146.05,Drying Up
23-01-2026,TCS.NS,3190.3,3194.5,3152.0,3162.5,2068857,50.11,-2.43,5.03,-7.4634,3148.13,3145.42,Expanding
27-01-2026,TCS.NS,3175.0,3175.0,3130.0,3158.0,4279874,49.6,-2.39,3.55,-5.9365,3150.28,3145.26,Expanding
28-01-2026,TCS.NS,3176.0,3205.2,3170.6,3200.1,2751234,54.29,1.03,3.04,-2.0139,3153.28,3145.44,Expanding
29-01-2026,TCS.NS,3200.1,3200.1,3125.6,3144.4,2457641,47.93,-0.75,2.29,-3.0321,3155.23,3145.25,Expanding
30-01-2026,TCS.NS,3141.0,3141.0,3092.0,3123.9,3022068,45.81,-3.77,1.08,-4.8404,3157.07,3145.18,Expanding
02-02-2026,TCS.NS,3198.0,3198.0,3134.0,3169.6,2636272,51.02,-2.44,0.37,-2.8134,3158.63,3145.41,Expanding
03-02-2026,TCS.NS,3350.0,3350.0,3186.3,3225.3,4366060,56.52,3.07,0.91,2.1558,3161.36,3145.83,Expanding
04-02-2026,TCS.NS,3120.0,3120.0,2986.0,2999.1,10852595,37.92,-10.7,-1.41,-9.2865,3159.46,3145.01,Expanding
05-02-2026,TCS.NS,2990.0,3029.7,2972.3,2991.5,3521545,37.47,-21.97,-5.52,-16.4436,3157.58,3144.02,Expanding
06-02-2026,TCS.NS,2976.6,2985.0,2916.0,2941.6,4687389,34.59,-34.52,-11.32,-23.2017,3155.14,3142.68,Expanding
09-02-2026,TCS.NS,2959.1,2977.0,2937.5,2948.2,2380318,35.3,-43.44,-17.75,-25.6969,3151.98,3141.4,Expanding
10-02-2026,TCS.NS,2949.8,3011.6,2943.5,2984.6,3547763,39.21,-47.03,-23.6,-23.429,3150.06,3139.83,Expanding
11-02-2026,TCS.NS,2980.0,2998.0,2904.2,2909.8,3363513,34.59,-55.28,-29.94,-25.3377,3146.63,3137.94,Expanding
12-02-2026,TCS.NS,2869.8,2880.0,2740.0,2750.1,10612156,27.21,-73.84,-38.72,-35.1245,3140.08,3135.02,Expanding
13-02-2026,TCS.NS,2585.0,2713.0,2585.0,2692.2,11168735,25.12,-92.17,-49.41,-42.7595,3132.33,3131.84,Expanding
16-02-2026,TCS.NS,2700.0,2719.8,2671.0,2706.6,2918730,26.63,-104.33,-60.39,-43.934,3124.0,3128.59,Expanding
17-02-2026,TCS.NS,2716.0,2760.0,2695.2,2717.4,4209118,27.8,-111.8,-70.67,-41.1272,3114.91,3125.49,Expanding
18-02-2026,TCS.NS,2730.0,2730.0,2657.3,2694.9,2950820,26.84,-118.18,-80.18,-38.0036,3105.2,3122.38,Expanding
19-02-2026,TCS.NS,2708.0,2748.7,2666.6,2677.9,3238849,26.1,-123.18,-88.78,-34.4076,3095.19,3119.07,Expanding
20-02-2026,TCS.NS,2667.0,2702.6,2647.5,2686.2,2293482,27.15,-125.04,-96.03,-29.0109,3085.89,3115.78,Expanding
23-02-2026,TCS.NS,2686.0,2704.0,2660.2,2676.3,4699596,26.67,-125.86,-102.0,-23.8638,3076.77,3112.51,Expanding
24-02-2026,TCS.NS,2641.0,2647.5,2561.3,2573.7,7798833,22.21,-133.25,-108.25,-25.0046,3065.55,3108.71,Expanding
25-02-2026,TCS.NS,2596.0,2654.2,2595.0,2629.3,3621285,29.12,-133.09,-113.22,-19.8737,3054.87,3105.23,Expanding
26-02-2026,TCS.NS,2650.0,2671.0,2635.0,2647.7,3464267,31.3,-129.98,-116.57,-13.4095,3044.38,3100.97,Expanding
27-02-2026,TCS.NS,2681.6,2688.6,2626.1,2637.4,5083717,30.73,-126.88,-118.63,-8.2496,3034.17,3097.17,Expanding
02-03-2026,TCS.NS,2592.0,2623.8,2580.3,2613.5,3374385,29.39,-124.91,-119.89,-5.0267,3023.23,3093.09,Expanding
04-03-2026,TCS.NS,2625.0,2635.0,2580.4,2587.8,3446434,27.99,-124.0,-120.71,-3.2902,3010.54,3088.73,Expanding
05-03-2026,TCS.NS,2600.0,2609.5,2546.4,2578.8,2960636,27.49,-122.59,-121.09,-1.5033,2997.65,3084.41,Expanding
06-03-2026,TCS.NS,2572.0,2619.2,2553.6,2557.6,3998643,26.31,-121.78,-121.22,-0.5534,2983.49,3080.19,Expanding
09-03-2026,TCS.NS,2530.0,2560.0,2505.0,2527.4,3653428,24.68,-122.16,-121.41,-0.7512,2969.02,3075.92,Expanding
10-03-2026,TCS.NS,2541.0,2545.2,2490.1,2513.1,4323710,23.92,-122.21,-121.57,-0.6415,2954.09,3071.45,Expanding
11-03-2026,TCS.NS,2508.1,2521.0,2460.1,2464.9,2720664,21.53,-124.71,-122.2,-2.5068,2938.96,3066.97,Expanding
12-03-2026,TCS.NS,2459.8,2472.9,2436.0,2442.4,2752075,20.5,-127.03,-123.16,-3.8664,2923.94,3062.19,Expanding
13-03-2026,TCS.NS,2437.0,2445.9,2397.0,2410.5,2466488,19.1,-129.95,-124.52,-5.4287,2908.37,3057.15,Expanding
16-03-2026,TCS.NS,2410.0,2425.0,2366.1,2409.2,3807907,19.04,-130.86,-125.79,-5.0711,2893.58,3052.29,Drying Up
17-03-2026,TCS.NS,2420.0,2420.0,2360.0,2391.7,2993367,18.26,-131.48,-126.93,-4.5512,2878.01,3047.34,Drying Up
18-03-2026,TCS.NS,2410.0,2482.9,2410.0,2440.8,3082388,27.35,-126.55,-126.85,0.304,2862.98,3042.64,Drying Up
19-03-2026,TCS.NS,2417.0,2424.0,2350.2,2356.0,2757060,22.66,-128.01,-127.08,-0.9241,2846.92,3037.68,Drying Up
20-03-2026,TCS.NS,2386.0,2407.8,2364.2,2390.6,4206320,28.08,-124.93,-126.65,1.7212,2830.78,3032.96,Drying Up
23-03-2026,TCS.NS,2365.0,2406.8,2348.0,2383.8,3860515,27.67,-121.64,-125.65,4.0098,2813.72,3028.42,Drying Up
24-03-2026,TCS.NS,2404.1,2435.4,2379.1,2398.8,3420182,30.09,-116.48,-123.82,7.3368,2798.76,3023.93,Drying Up
25-03-2026,TCS.NS,2400.9,2421.6,2369.8,2377.4,5843778,28.62,-112.82,-121.62,8.8006,2783.3,3019.38,Drying Up
27-03-2026,TCS.NS,2403.9,2422.1,2385.0,2389.8,4979411,30.74,-107.67,-118.83,11.1568,2767.46,3014.83,Drying Up
30-03-2026,TCS.NS,2375.1,2398.0,2346.2,2358.9,6804756,28.47,-104.88,-116.04,11.1601,2750.45,3009.94,Drying Up
01-04-2026,TCS.NS,2429.0,2472.0,2397.9,2408.2,4132661,36.52,-97.56,-112.34,14.7813,2735.9,3005.09,Drying Up
02-04-2026,TCS.NS,2386.0,2469.9,2375.7,2450.7,5378361,42.52,-87.33,-107.34,20.0125,2720.78,3000.42,Drying Up
06-04-2026,TCS.NS,2474.0,2482.0,2448.2,2473.9,2572417,45.54,-76.46,-101.16,24.7014,2706.99,2996.04,Drying Up
07-04-2026,TCS.NS,2461.0,2543.9,2448.0,2539.8,4516550,53.1,-61.82,-93.29,31.4733,2695.74,2991.94,Drying Up
08-04-2026,TCS.NS,2572.0,2580.3,2540.1,2559.2,4769337,55.08,-48.1,-84.26,36.1565,2684.47,2987.69,Drying Up
09-04-2026,TCS.NS,2554.0,2605.0,2531.1,2589.0,5628261,58.0,-34.42,-74.29,39.8664,2673.24,2983.5,Drying Up
10-04-2026,TCS.NS,2565.8,2565.8,2501.1,2524.3,10480239,50.33,-28.48,-65.13,36.6501,2660.48,2979.29,Drying Up
13-04-2026,TCS.NS,2489.9,2504.9,2470.0,2472.6,3739587,45.19,-27.62,-57.62,30.0073,2646.77,2974.96,Expanding
15-04-2026,TCS.NS,2501.9,2559.0,2493.4,2554.9,5261384,53.36,-20.06,-50.11,30.0482,2633.87,2970.98,Expanding
16-04-2026,TCS.NS,2572.0,2594.0,2558.0,2576.9,3905403,55.28,-12.16,-42.52,30.3595,2622.52,2967.32,Expanding
17-04-2026,TCS.NS,2570.0,2589.0,2555.9,2581.5,2718206,55.69,-5.47,-35.11,29.6444,2611.67,2963.69,Expanding
20-04-2026,TCS.NS,2587.1,2594.0,2561.2,2579.6,2288558,55.46,-0.31,-28.15,27.841,2599.87,2959.79,Expanding
21-04-2026,TCS.NS,2560.0,2614.0,2560.0,2610.5,2719959,58.42,6.2,-21.28,27.4798,2587.57,2956.06,Expanding
22-04-2026,TCS.NS,2580.0,2580.0,2503.6,2538.5,5232045,50.07,5.48,-15.93,21.412,2578.36,2951.98,Expanding
23-04-2026,TCS.NS,2529.0,2559.5,2518.4,2534.5,1521220,49.65,4.54,-11.83,16.3763,2569.22,2947.77,Expanding
